league_id,season,kickoff_utc,home_team_id,away_team_id,mu_home,mu_away,p_home,p_draw,p_away,p_home_cal,p_draw_cal,p_away_cal,p_1x,p_12,p_x2,p_btts,p_btts_cal,p_odd_total,p_even_total,p_over_1.5,p_over_1.5_cal,feat_cov,feat_zero_frac,p_over_0.5,p_under_0.5,p_under_1.5,p_over_2.5,p_under_2.5,p_over_3.5,p_under_3.5,p_over_4.5,p_under_4.5,p_home_over_0.5,p_home_under_0.5,p_away_over_0.5,p_away_under_0.5,p_home_over_1.5,p_home_under_1.5,p_away_over_1.5,p_away_under_1.5,p_home_over_2.5,p_home_under_2.5,p_away_over_2.5,p_away_under_2.5,ah_home_-1.5_win,ah_home_-1.5_push,ah_home_-1.5_lose,ah_home_-1_win,ah_home_-1_push,ah_home_-1_lose,ah_home_-0.5_win,ah_home_-0.5_push,ah_home_-0.5_lose,ah_home_0_win,ah_home_0_push,ah_home_0_lose,ah_home_0.5_win,ah_home_0.5_push,ah_home_0.5_lose,ah_home_1_win,ah_home_1_push,ah_home_1_lose
140,2025,2025-09-13 12:00:00+00:00,546,718,1.8011339984640298,0.7139782393128354,0.6338595827700629,0.2234382415324941,0.1427021756974431,0.7105283220248534,0.20065563772204012,0.08881604025310667,0.8572978243025571,0.776561758467506,0.3661404172299372,0.4260498216476666,0.4936708860759494,0.49673103956655007,0.5032689604334498,0.7157887954323491,0.6666666666666666,1.0,0.2,0.9191459090514733,0.08085409094852669,0.2842112045676509,0.4600558128808445,0.5399441871191555,0.24565676154104965,0.7543432384589503,0.1108473420926975,0.8891526579073025,0.8348879353637658,0.16511206463623418,0.5103077953353742,0.4896922046646258,0.5374989821905239,0.46250101780947606,0.16067821724272457,0.8393217827572754,0.2696803050262498,0.7303196949737503,0.03586426195323527,0.9641357380467648,0.37222896548852547,1e-09,0.6277710345114745,0.37222896548852547,0.2616306172815374,0.3661404172299371,0.6338595827700629,1e-09,0.36614041722993707,0.6338595827700629,0.2234382415324941,0.14270217569744298,0.857297824302557,1e-09,0.14270217569744303,0.857297824302557,0.10371164368473318,0.038990532012709855
140,2025,2025-09-13 14:15:00+00:00,548,541,0.8886996118320878,1.689143576320354,0.1965592484480706,0.2405578245490283,0.562882927002901,0.15324082237717093,0.2142466473993622,0.6325125302234669,0.4371170729970989,0.7594421754509716,0.8034407515519293,0.48006969243528075,0.4936708860759494,0.4971166252641595,0.5028833747358407,0.728306669799209,0.6804123711340206,1.0,0.22,0.9240622587651923,0.07593774123480768,0.271693330200791,0.47599306401957237,0.5240069359804276,0.259184760706868,0.740815239293132,0.11946030874924769,0.8805396912507523,0.5888098867559401,0.41119011324405985,0.8153220644445328,0.1846779355554672,0.22338539272592955,0.7766146072740705,0.5033745159125421,0.4966254840874579,0.06100908972636046,0.9389909102736396,0.23991241703638316,0.7600875829636169,0.06403718685539206,1e-09,0.9359628131446079,0.06403718685539206,0.1325220615926786,0.8034407515519293,0.1965592484480706,1e-09,0.8034407515519294,0.1965592484480706,0.2405578245490283,0.5628829270029011,0.43711707299709895,1e-09,0.562882927002901,0.43711707299709895,0.2518835229357322,0.3109994040671688
140,2025,2025-09-13 16:30:00+00:00,531,542,1.4850696034982545,1.0328808020669407,0.4761688595240027,0.26062665461427575,0.26320448586172146,0.5124990996738247,0.29279893401380847,0.1947019663123669,0.7367955141382785,0.7393733453857241,0.5238311404759972,0.4981580584858545,0.4936708860759494,0.496749803311211,0.5032501966887889,0.7163662091587881,0.6666666666666666,1.0,0.22,0.9193752730588931,0.0806247269411069,0.2836337908412119,0.4607828317681645,0.5392171682318355,0.24626740884904455,0.7537325911509555,0.11123260981401256,0.8887673901859874,0.7735133106608449,0.22648668933915506,0.6440200208839024,0.3559799791160976,0.4371648127258608,0.5628351872741393,0.276335134533983,0.7236648654660169,0.1874143474927542,0.8125856525072458,0.08644780437311701,0.913552195626883,0.23788664970755347,1e-09,0.7621133502924465,0.23788664970755347,0.23828220981644932,0.5238311404759972,0.4761688595240027,1e-09,0.5238311404759973,0.4761688595240027,0.26062665461427575,0.26320448586172157,0.7367955141382786,1e-09,0.2632044858617214,0.7367955141382786,0.16572766651058798,0.09747681935113342
140,2025,2025-09-13 19:00:00+00:00,530,533,0.9697198902622159,1.578944539698143,0.23214438711856164,0.2523134061436357,0.5155422067378026,0.1615829673667334,0.28273644540486476,0.5556805872284019,0.4844577932621973,0.7476865938563643,0.7678556128814382,0.4928040520593069,0.4936708860759494,0.49694342043252643,0.5030565795674736,0.7225438021407486,0.6804123711340206,1.0,0.22,0.9218139096172039,0.07818609038279611,0.27745619785925135,0.4686074847006616,0.5313925152993384,0.2528746647888022,0.7471253352111977,0.11541702366746737,0.8845829763325326,0.6208107593812643,0.3791892406187357,0.7938072022952465,0.20619279770475352,0.2531034105790925,0.7468965894209074,0.4682402102338293,0.5317597897661708,0.07481684561419866,0.9251831543858013,0.21121409802284205,0.7887859019771579,0.08142700200047519,1e-09,0.9185729979995249,0.08142700200047519,0.15071738511808644,0.7678556128814384,0.23214438711856164,1e-09,0.7678556128814383,0.23214438711856164,0.2523134061436357,0.5155422067378026,0.4844577932621973,1e-09,0.5155422067378027,0.4844577932621973,0.24540529142424927,0.27013691531355344
140,2025,2025-09-14 12:00:00+00:00,538,547,1.8830258148180588,0.7741838565679492,0.6363147957635872,0.2162880825404513,0.14739712169596164,0.7105283220248534,0.20065563772204012,0.08881604025310667,0.8526028783040385,0.7837119174595488,0.36368520423641293,0.4569342533598803,0.4936708860759494,0.4975395518361653,0.5024604481638347,0.7434686603335098,0.6804123711340206,1.0,0.24,0.9298559933072884,0.07014400669271159,0.2565313396664902,0.49583354843236876,0.5041664515676312,0.27649407699259015,0.7235059230074099,0.130786335785738,0.869213664214262,0.8478701818478521,0.15212981815214788,0.5389200648193166,0.46107993518068335,0.5614058070634763,0.4385941929365237,0.18195942241411286,0.8180405775858871,0.2916959006908424,0.7083040993091576,0.0437828390236393,0.9562171609763607,0.3815047442525163,1e-09,0.6184952557474837,0.3815047442525163,0.2548100515110709,0.36368520423641276,0.6363147957635872,1e-09,0.3636852042364128,0.6363147957635872,0.2162880825404513,0.14739712169596153,0.8526028783040386,1e-09,0.14739712169596142,0.8526028783040386,0.10476214761311128,0.042634974082850136
140,2025,2025-09-14 14:15:00+00:00,539,543,1.062480208812251,1.359418204328128,0.292852200235542,0.27137151673809906,0.43577628302635896,0.23395593211014223,0.33471790498720877,0.431326162902649,0.564223716973641,0.728628483261901,0.707147799764458,0.4863451903682394,0.4936708860759494,0.4960614438451273,0.5039385561548725,0.6962962908146944,0.6666666666666666,1.0,0.24,0.9112470118870624,0.08875298811293764,0.30370370918530565,0.43600188568011655,0.5639981143198834,0.22586635009821535,0.7741336499017847,0.0986346200554276,0.9013653799445724,0.6544024013150036,0.3455975986849964,0.7431898009402981,0.2568101990597019,0.287211792498465,0.712788207501535,0.39407734128089567,0.6059226587191043,0.09214541513345102,0.907854584866549,0.15678242477116602,0.843217575228834,0.11193758689483961,1e-09,0.8880624131051604,0.11193758689483961,0.18091461334070238,0.7071477997644581,0.292852200235542,1e-09,0.707147799764458,0.292852200235542,0.27137151673809906,0.4357762830263589,0.564223716973641,1e-09,0.43577628302635896,0.564223716973641,0.23147595293019152,0.20430033009616744
140,2025,2025-09-14 16:30:00+00:00,727,728,1.229467831090749,1.2041355000888725,0.3689411876748748,0.27433274329434076,0.35672606903078424,0.34629455859427555,0.34714566657238743,0.3065597748333371,0.6432739309692156,0.725667256705659,0.6310588123251251,0.49532078436234867,0.4936708860759494,0.49615257952089087,0.5038474204791091,0.698803662865885,0.6666666666666666,1.0,0.22,0.9122798098432461,0.08772019015675392,0.301196337134115,0.4390455316598351,0.5609544683401648,0.22832944719150763,0.7716705528084924,0.10012960591746033,0.8998703940825397,0.7075518087614483,0.2924481912385517,0.7000487854441468,0.29995121455585316,0.34799616537238837,0.6520038346276116,0.3388668797020695,0.6611331202979305,0.12696511685503575,0.8730348831449642,0.12141090235481437,0.8785890976451857,0.15894246614581078,1e-09,0.8410575338541892,0.15894246614581078,0.20999872152906415,0.6310588123251251,0.3689411876748748,1e-09,0.6310588123251252,0.3689411876748748,0.27433274329434076,0.3567260690307844,0.6432739309692157,1e-09,0.3567260690307843,0.6432739309692157,0.20567184368060407,0.15105422535018023
140,2025,2025-09-14 19:00:00+00:00,529,532,1.50198604676175,1.0551317035253287,0.47527710041896315,0.2585499405019664,0.26617295907907057,0.5124990996738247,0.29279893401380847,0.1947019663123669,0.7338270409209295,0.7414500594980338,0.5247228995810369,0.5066937624949587,0.4936708860759494,0.49699468598577434,0.5030053140142257,0.7242240664573055,0.6804123711340206,1.0,0.22,0.9224720819207397,0.0775279180792603,0.2757759335426945,0.47075230680666214,0.5292476931933379,0.25469992820664095,0.7453000717933591,0.11658208512894155,0.8834179148710585,0.7773124225743265,0.22268757742567347,0.651853421841372,0.34814657815862804,0.44283878849334257,0.5571612115066574,0.2845129297516481,0.7154870702483519,0.19165142279334146,0.8083485772066585,0.09071663015504937,0.9092833698449506,0.2387004063720857,1e-09,0.7612995936279143,0.2387004063720857,0.23657669404687737,0.5247228995810369,0.47527710041896315,1e-09,0.5247228995810369,0.47527710041896315,0.2585499405019664,0.2661729590790705,0.7338270409209294,1e-09,0.26617295907907057,0.7338270409209294,0.16619300208701474,0.09997995699205584
140,2025,2025-09-15 19:00:00+00:00,540,798,1.5878437884344394,0.8971148864512062,0.5358346504571269,0.2516226271109936,0.21254272243187958,0.5761985724236591,0.2504699916862029,0.17333143589013802,0.7874572775681205,0.7483773728890064,0.46416534954287314,0.4712187355952076,0.4936708860759494,0.4965280749287466,0.5034719250712534,0.7096016077926393,0.6666666666666666,1.0,0.26,0.9166709222981753,0.08332907770182474,0.29039839220736074,0.45232226310077084,0.5476777368992292,0.23921274994681044,0.7607872500531896,0.10682066659342758,0.8931793334065724,0.7956340123770277,0.2043659876229723,0.5922556455163555,0.40774435448364454,0.4711327483622125,0.5288672516377875,0.22646211524182464,0.7735378847581753,0.21350409015936384,0.7864959098406361,0.06238270455304812,0.9376172954469519,0.2840543091481173,1e-09,0.7159456908518826,0.2840543091481173,0.25178034130900945,0.4641653495428732,0.5358346504571269,1e-09,0.46416534954287314,0.5358346504571269,0.2516226271109936,0.21254272243187955,0.7874572775681205,1e-09,0.21254272243187955,0.7874572775681205,0.14225322034158883,0.07028950209029072
61,2025,2025-09-19 18:45:00+00:00,80,77,1.836195732512657,0.9331615604988969,0.5860845150141132,0.2259324147735568,0.18798307021233007,0.669911798294281,0.2326775575659893,0.09741064413972965,0.81201692978767,0.7740675852264433,0.4139154849858869,0.5099708898164398,0.5,0.4980339898492388,0.5019660101507611,0.7636517714663568,0.7998286543935996,1.0,0.0,0.9372974727092838,0.06270252729071624,0.23634822853364323,0.523208276897518,0.47679172310248197,0.3012502951501093,0.6987497048498907,0.1475800562763003,0.8524199437236997,0.8405766392308517,0.15942336076914831,0.6066917232948716,0.39330827670512836,0.5478441445233969,0.4521558554766031,0.23967155804679569,0.7603284419532044,0.27908706574829795,0.720912934251702,0.06842700297769984,0.9315729970223001,0.3397545827941281,1e-09,0.6602454172058718,0.3397545827941281,0.24632993221998514,0.4139154849858867,0.5860845150141132,1e-09,0.4139154849858868,0.5860845150141132,0.2259324147735568,0.18798307021233002,0.81201692978767,1e-09,0.18798307021232996,0.81201692978767,0.12518579576130534,0.06279727445102462
140,2025,2025-09-19 19:00:00+00:00,543,548,1.246349439342206,1.2032817004808525,0.37374279192808896,0.2732216328251615,0.35303557524674967,0.37391715103115536,0.3748361486373763,0.2512467003314683,0.6469644247532504,0.7267783671748387,0.6262572080719111,0.4985653765405256,0.4936708860759494,0.4962739546524756,0.5037260453475244,0.7022090879091949,0.6666666666666666,1.0,0.08,0.9136745640271826,0.08632543597281739,0.2977909120908051,0.443202880260831,0.556797119739169,0.2317129897062142,0.7682870102937858,0.10219493429088897,0.897805065709111,0.7124473625770281,0.2875526374229719,0.6997925779906804,0.3002074220093196,0.35405629414295886,0.6459437058570412,0.3385584807377328,0.6614415192622671,0.1307160405385725,0.8692839594614274,0.12122529133027542,0.8787747086697246,0.1625884083842834,1e-09,0.8374115916157165,0.1625884083842834,0.21115438354380558,0.626257208071911,0.37374279192808896,1e-09,0.6262572080719111,0.37374279192808896,0.2732216328251615,0.3530355752467496,0.6469644247532504,1e-09,0.35303557524674956,0.6469644247532504,0.20385792112096615,0.1491776541257834
140,2025,2025-09-20 12:00:00+00:00,547,539,1.0587365434547376,1.2649305030657503,0.30935998645936563,0.28005595387276816,0.410584059667866,0.3419445599002462,0.3427849766373282,0.3152704634624256,0.5894159403321337,0.7199440461272316,0.6906400135406341,0.4687611175655443,0.4936708860759494,0.49520643057484415,0.5047935694251557,0.6745668512013689,0.6666666666666666,1.0,0.16,0.9020861162554991,0.09791388374450094,0.32543314879863106,0.4102273418736224,0.5897726581263776,0.20548167290053446,0.7945183270994656,0.08654148192266081,0.9134585180773391,0.653106174975007,0.346893825024993,0.7177410588460362,0.28225894115396377,0.28583700572156,0.71416299427844,0.3607031144167828,0.6392968855832172,0.09141636033474893,0.9085836396652511,0.13488902108619716,0.8651109789138028,0.11893527911276229,1e-09,0.8810647208872378,0.11893527911276229,0.19042470734660333,0.6906400135406344,0.30935998645936563,1e-09,0.6906400135406343,0.30935998645936563,0.28005595387276816,0.41058405966786615,0.5894159403321338,1e-09,0.41058405966786615,0.5894159403321338,0.22751082160067884,0.1830732380671873
140,2025,2025-09-20 14:15:00+00:00,541,540,1.6114197516935502,0.9580050331561141,0.5265652205562877,0.2490545529162389,0.22438022652747291,0.5761985724236591,0.2504699916862029,0.17333143589013802,0.7756197734725266,0.7509454470837607,0.4734347794437118,0.49331791386095875,0.4936708860759494,0.49706771877259726,0.5029322812274025,0.7266546386231397,0.6804123711340206,1.0,0.0,0.92342033300802,0.07657966699198004,0.2733453613768603,0.4738673126425337,0.5261326873574663,0.2573613057520872,0.7426386942479128,0.11828733070856624,0.8817126692914338,0.8003957563972608,0.1996042436027392,0.6163424904717177,0.38365750952828226,0.4787495357335574,0.5212504642664426,0.24879666533471653,0.7512033346652834,0.2195959992156986,0.7804040007843014,0.07274129013596685,0.9272587098640331,0.2799961282115577,1e-09,0.7200038717884423,0.2799961282115577,0.2465690923447302,0.47343477944371204,0.5265652205562877,1e-09,0.47343477944371226,0.5265652205562877,0.2490545529162389,0.22438022652747336,0.7756197734725269,1e-09,0.22438022652747314,0.7756197734725269,0.14658777220449998,0.07779245432297316
61,2025,2025-09-20 15:00:00+00:00,83,94,1.2426608282182285,1.4812167326866847,0.3179893815242734,0.2547590040589308,0.4272516144167957,0.34468861087549835,0.24831011942809672,0.407001269696405,0.5727483855832043,0.7452409959410691,0.6820106184757265,0.5496435946533663,0.5487012987012987,0.4978470009238893,0.5021529990761107,0.7556397000977286,0.7272727272727273,1.0,0.0,0.9343801465258811,0.06561985347411892,0.24436029990227137,0.5122061544715988,0.4877938455284012,0.2911784303038048,0.7088215696961953,0.14066531575393906,0.859334684246061,0.7113847348663526,0.28861526513364744,0.772639006312895,0.22736099368710505,0.35273385045837324,0.6472661495416268,0.43586809810282834,0.5641319018971717,0.12989314792820483,0.8701068520717952,0.18645274594107047,0.8135472540589295,0.13450039881718628,1e-09,0.8654996011828138,0.13450039881718628,0.1834889827070872,0.6820106184757266,0.3179893815242734,1e-09,0.6820106184757266,0.3179893815242734,0.2547590040589308,0.4272516144167958,0.5727483855832042,1e-09,0.4272516144167958,0.5727483855832042,0.21871370311000948,0.20853791130678634
140,2025,2025-09-20 16:30:00+00:00,533,727,1.8123073761943034,0.797652501071545,0.614716901976664,0.22502381242924976,0.16025928559408617,0.7013511196310251,0.21051613385449414,0.08813274651448068,0.8397407144059137,0.7749761875707502,0.38528309802333593,0.45987523215998205,0.4936708860759494,0.4972958601214162,0.5027041398785838,0.7345317121263443,0.6804123711340206,1.0,0.08,0.9264622608286239,0.07353773917137607,0.26546828787365573,0.48406619645879434,0.5159338035412057,0.2661645476148308,0.7338354523851691,0.12398590744639232,0.8760140925536077,0.8367224958586954,0.1632775041413046,0.5496149971299107,0.4503850028700893,0.5408134707364866,0.45918652926351344,0.19036427314456789,0.8096357268554322,0.2726744162804684,0.7273255837195316,0.04708565389487285,0.9529143461051272,0.3588979665418452,1e-09,0.6411020334581548,0.3588979665418452,0.2558189354348188,0.38528309802333593,0.614716901976664,1e-09,0.38528309802333605,0.614716901976664,0.22502381242924976,0.16025928559408628,0.8397407144059138,1e-09,0.1602592855940862,0.8397407144059138,0.11259382174986476,0.047665463844221434
140,2025,2025-09-20 16:30:00+00:00,542,536,1.2997586150618439,1.106378228919187,0.4094808121884739,0.27458902804290464,0.31593015976862154,0.43937079432045084,0.33564901612727455,0.22498018955227464,0.6840698402313785,0.7254109719570954,0.5905191878115261,0.4868106062041411,0.4936708860759494,0.4959353149250784,0.5040646850749215,0.6928926507416779,0.6666666666666666,1.0,0.14,0.9098370490308311,0.09016295096916893,0.30710734925832206,0.4318936958319574,0.5681063041680425,0.22256062861536477,0.7774393713846353,0.09663962719177924,0.9033603728082208,0.727402376657722,0.272597623342278,0.6692452785772501,0.33075472142274986,0.3730912672726674,0.6269087327273326,0.3033054556822275,0.6966945443177726,0.14283180885464106,0.8571681911453589,0.1008715291090635,0.8991284708909365,0.18523200405916895,1e-09,0.814767995940831,0.18523200405916895,0.22424880812930492,0.5905191878115261,0.4094808121884739,1e-09,0.5905191878115261,0.4094808121884739,0.27458902804290464,0.3159301597686215,0.6840698402313784,1e-09,0.3159301597686216,0.6840698402313784,0.19088467373887522,0.12504548602974638
61,2025,2025-09-20 17:00:00+00:00,106,84,1.3554474717490264,1.5739467425930784,0.32916831255621976,0.24471747317749212,0.42611421426628804,0.35020004706989877,0.23629089197458222,0.4135090609555189,0.5738857857337119,0.7552825268225078,0.6708316874437802,0.5883716222701537,0.6243654822335024,0.4985726224129798,0.5014273775870204,0.7900546167606339,0.8135593220338981,1.0,0.04,0.9465705470647439,0.05342945293525614,0.20994538323936607,0.5608061864178079,0.4391938135821921,0.33695317791978935,0.6630468220802106,0.17301475093027063,0.8269852490697294,0.7421680506491722,0.25783194935082776,0.7927741186857256,0.20722588131427444,0.39269038676495355,0.6073096132350464,0.4666116178097286,0.5333883821902714,0.1558410787922941,0.8441589212077059,0.20993041490450884,0.7900695850954912,0.14658482394804734,1e-09,0.8534151760519526,0.14658482394804734,0.18258348860817258,0.6708316874437801,0.32916831255621976,1e-09,0.6708316874437803,0.32916831255621976,0.24471747317749212,0.42611421426628815,0.5738857857337121,1e-09,0.4261142142662879,0.5738857857337121,0.21201610031797283,0.2140981139483151
140,2025,2025-09-20 19:00:00+00:00,532,531,1.0911647249989562,1.388234828404737,0.2953751027072809,0.26769626858877393,0.4369286287039452,0.23395593211014223,0.33471790498720877,0.431326162902649,0.5630713712960549,0.7323037314112262,0.7046248972927192,0.4984529992972232,0.4936708860759494,0.49648930938995417,0.5035106906100459,0.7084487669249385,0.6666666666666666,1.0,0.04,0.9162064521191058,0.08379354788089421,0.2915512330750615,0.4508916109813449,0.5491083890186551,0.2380292451735444,0.7619707548264556,0.10608653149323055,0.8939134685067694,0.6641748699761858,0.3358251300238142,0.7504845814401434,0.2495154185598566,0.2977343343253398,0.7022656656746602,0.4040985871708656,0.5959014128291344,0.09781084116901066,0.9021891588309894,0.16366603651241174,0.8363339634875883,0.11482554283889206,1e-09,0.885174457161108,0.11482554283889206,0.18054955986838883,0.7046248972927192,0.2953751027072809,1e-09,0.7046248972927192,0.2953751027072809,0.26769626858877393,0.4369286287039452,0.5630713712960548,1e-09,0.4369286287039452,0.5630713712960548,0.22970426143736827,0.20722436726657695
61,2025,2025-09-20 19:05:00+00:00,116,79,1.3097326297523018,1.8059536566435552,0.2785962409919267,0.23023046416383447,0.4911732948442388,0.2728433756738204,0.22413673831024736,0.5030198860159322,0.5088267051557611,0.7697695358361655,0.7214037590080733,0.6101377543368387,0.625,0.49901653308774996,0.5009834669122498,0.8174766775353834,0.8161764705882353,1.0,0.02,0.9556517893339327,0.04434821066606731,0.18252332246461656,0.602221527059224,0.39777847294077595,0.3786656869207729,0.621334313079227,0.20453322057978435,0.7954667794202157,0.7301077523098787,0.2698922476901213,0.8356817913608925,0.1643182086391075,0.37662106899239717,0.6233789310076028,0.5389307216156493,0.46106927838435074,0.1451345473301316,0.8548654526698685,0.27097138185569813,0.7290286181443019,0.11871581083881906,1e-09,0.8812841891611809,0.11871581083881906,0.1598804301531076,0.7214037590080733,0.2785962409919267,1e-09,0.7214037590080733,0.2785962409919267,0.23023046416383447,0.49117329484423883,0.5088267051557612,1e-09,0.4911732948442388,0.5088267051557612,0.22045464921744748,0.27071864562679127
140,2025,2025-09-21 12:00:00+00:00,728,538,1.2184137980418317,1.1642583674939855,0.3743336517584778,0.2776820738401334,0.3479842744013888,0.37391715103115536,0.3748361486373763,0.2512467003314683,0.6520157255986112,0.7223179261598667,0.6256663482415221,0.4844506593118024,0.4936708860759494,0.4957400179333731,0.5042599820666269,0.6877671540528816,0.6666666666666666,1.0,0.16,0.9076963918856511,0.0923036081143489,0.3122328459471184,0.4257575173667457,0.5742424826332543,0.2176631612216884,0.7823368387783116,0.09370800367347212,0.9062919963265279,0.7043011454083203,0.29569885459167966,0.6878459057891334,0.3121540942108666,0.344017580908061,0.655982419091939,0.32441788965600166,0.6755821103439983,0.12453034781029561,0.8754696521897044,0.11285583527326934,0.8871441647267306,0.16084753146077066,1e-09,0.8391524685392293,0.16084753146077066,0.21348612029770708,0.6256663482415222,0.3743336517584778,1e-09,0.6256663482415221,0.3743336517584778,0.2776820738401334,0.34798427440138874,0.6520157255986112,1e-09,0.3479842744013888,0.6520157255986112,0.20399719889901388,0.1439870755023749
39,2025,2025-09-21 13:00:00+00:00,746,66,1.5909574116171072,1.173868316767278,0.4702508875234018,0.24837430902741203,0.2813748034491864,0.4851943709172359,0.26636143809486185,0.24844419098790219,0.7186251965508138,0.7516256909725882,0.5297491124765985,0.550087799095792,0.5487012987012987,0.4980162757369276,0.5019837242630726,0.7628643964454874,0.7941176470588235,1.0,0.06,0.937012860444898,0.06298713955510205,0.23713560355451258,0.5221193195331539,0.47788068046684606,0.3002465919898451,0.6997534080101548,0.14688673560497395,0.8531132643950261,0.7962693377832014,0.20373066221679859,0.6908313217574885,0.3091686782425115,0.4721425307553165,0.5278574692446836,0.32790800583116864,0.6720919941688314,0.2143065577825916,0.7856934422174084,0.11489591483979167,0.8851040851602083,0.2423562591034253,1e-09,0.7576437408965747,0.2423562591034253,0.22789462841997649,0.5297491124765983,0.4702508875234018,1e-09,0.5297491124765983,0.4702508875234018,0.24837430902741203,0.28137480344918625,0.7186251965508138,1e-09,0.2813748034491862,0.7186251965508138,0.16814924265748035,0.11322556079170584
39,2025,2025-09-21 13:00:00+00:00,35,34,1.4548558527970854,1.2874697137674216,0.410847787747615,0.25483385725662666,0.3343183549957584,0.4851943709172359,0.26636143809486185,0.24844419098790219,0.6656816450042417,0.7451661427433733,0.5891522122523851,0.5550180737106511,0.5487012987012987,0.497924992577898,0.5020750074221019,0.758917915473674,0.7941176470588235,1.0,0.04,0.9355796067877885,0.06442039321221149,0.24108208452632596,0.5166859791118217,0.4833140208881783,0.29525970173703064,0.7047402982629694,0.1434539663482753,0.8565460336517247,0.7665658937885675,0.23343410621143246,0.7240317867098724,0.27596821329012755,0.4269529181239418,0.5730470818760582,0.3687310701357733,0.6312689298642267,0.17990895545784458,0.8200910445421554,0.1400116142009102,0.8599883857990898,0.19724503795453607,1e-09,0.8027549620454639,0.19724503795453607,0.2136027497930789,0.589152212252385,0.410847787747615,1e-09,0.589152212252385,0.410847787747615,0.25483385725662666,0.33431835499575835,0.6656816450042417,1e-09,0.33431835499575835,0.6656816450042417,0.1890270232664832,0.14529133172927514
61,2025,2025-09-21 13:00:00+00:00,114,95,1.1878735719637983,1.6085570225437555,0.2818863438765605,0.2466922580775549,0.4714213980458847,0.25828132117540814,0.2655457080979134,0.4761729707266784,0.5285786019541154,0.7533077419224452,0.7181136561234396,0.5559822298769884,0.5487012987012987,0.49813778040855655,0.5018622195914433,0.7683130453116418,0.8014184397163121,1.0,0.02,0.938972424512797,0.061027575487202945,0.2316869546883582,0.5296944906925217,0.4703055093074783,0.30726774850755567,0.6927322514924443,0.15176751178665443,0.8482324882133456,0.6951311258666839,0.3048688741333161,0.7998235285231017,0.20017647147689832,0.3329854473687504,0.6670145526312496,0.4778282595805069,0.5221717404194931,0.11789380702409154,0.8821061929759084,0.21885438403844687,0.7811456159615531,0.1142088216096697,1e-09,0.8857911783903303,0.1142088216096697,0.1676775222668908,0.7181136561234395,0.2818863438765605,1e-09,0.7181136561234396,0.2818863438765605,0.2466922580775549,0.4714213980458847,0.5285786019541153,1e-09,0.4714213980458847,0.5285786019541153,0.2270602380009045,0.24436116004498018
140,2025,2025-09-21 14:15:00+00:00,798,530,1.097901558606121,1.3120780136014922,0.3112658686990411,0.2739671319313939,0.41476699936956507,0.31414559997104646,0.3149176936115283,0.37093670641742515,0.5852330006304349,0.7260328680686061,0.688734131300959,0.48698681976867997,0.4936708860759494,0.4959664334496186,0.5040335665503813,0.69372536995212,0.6666666666666666,1.0,0.04,0.910182854893345,0.08981714510665495,0.30627463004788,0.4328963114719194,0.5671036885280806,0.2233654105464582,0.7766345894535418,0.09712411280206837,0.9028758871979317,0.6664296638715659,0.3335703361284341,0.7307400107904589,0.2692599892095411,0.3002022719307237,0.6997977280692763,0.37744989900550674,0.6225501009944933,0.09916145972230464,0.9008385402776954,0.1456778049572288,0.8543221950427712,0.12237544951960307,1e-09,0.8776245504803969,0.12237544951960307,0.18889041917943802,0.6887341313009588,0.3112658686990411,1e-09,0.688734131300959,0.3112658686990411,0.2739671319313939,0.41476699936956507,0.5852330006304348,1e-09,0.4147669993695652,0.5852330006304348,0.22573878690902485,0.18902821246054033
61,2025,2025-09-21 15:15:00+00:00,108,96,1.428060004841714,1.2750353737278481,0.4066447763865965,0.2571319769670611,0.3362232466463424,0.47999227816195145,0.27422726687739546,0.24578045496065315,0.6637767533536576,0.742868023032939,0.5933552236134034,0.5478030096418003,0.5487012987012987,0.49775563266794337,0.5022443673320565,0.7519006141189548,0.6804123711340206,1.0,0.04,0.9330021615655097,0.06699783843449025,0.2480993858810452,0.5071332361414175,0.4928667638585825,0.2865900467292434,0.7134099532707566,0.13755272771025087,0.8624472722897492,0.7602262867425541,0.2397737132574459,0.7205788844647558,0.2794211155352442,0.4178150366267307,0.5821849633732693,0.3643070779902649,0.6356929220097352,0.17332313087725815,0.8266768691227419,0.13717750003145948,0.8628224999685405,0.19302893514038305,1e-09,0.8069710648596169,0.19302893514038305,0.2136158412462135,0.5933552236134034,0.4066447763865965,1e-09,0.5933552236134034,0.4066447763865965,0.2571319769670611,0.33622324664634234,0.6637767533536576,1e-09,0.3362232466463424,0.6637767533536576,0.1907257069409815,0.1454975397053609
61,2025,2025-09-21 15:15:00+00:00,91,112,2.0345866287836407,1.0506602070178181,0.6010003922863107,0.20989404615053012,0.189105561563159,0.7094417437603457,0.20140883076712407,0.08914942547253023,0.8108944384368408,0.7901059538494697,0.39899960771368914,0.565276608530737,0.5487012987012987,0.4989544649935927,0.501045535006407,0.8132258122107455,0.8161764705882353,1.0,0.06,0.9542808071834609,0.045719192816539134,0.18677418778925448,0.5956310737537783,0.40436892624622167,0.3718532476497378,0.6281467523502622,0.19925079017201208,0.8007492098279879,0.8692642154930945,0.13073578450690548,0.6502932002211033,0.34970679977889674,0.6032709364315437,0.3967290635684563,0.2828701815691699,0.7171298184308301,0.33267775196880434,0.6673222480311957,0.08985180914882637,0.9101481908511736,0.3661017820537355,1e-09,0.6338982179462644,0.3661017820537355,0.23489861023257527,0.39899960771368914,0.6010003922863107,1e-09,0.39899960771368925,0.6010003922863107,0.20989404615053012,0.18910556156315914,0.8108944384368407,1e-09,0.18910556156315927,0.8108944384368407,0.12130160444572233,0.06780395711743695
61,2025,2025-09-21 15:15:00+00:00,111,97,1.6804850274694727,1.1465196596568927,0.4984660297013743,0.2414541781388531,0.2600797921597724,0.5352224200094897,0.2614428665117277,0.20333471347878251,0.7399202078402274,0.7585458218611467,0.5015339702986255,0.5551653681507975,0.5487012987012987,0.4982482132177279,0.5017517867822721,0.7734796701357968,0.8014184397163121,1.0,0.04,0.9408100202683118,0.05918997973168816,0.22652032986420323,0.5369578280740123,0.46304217192598773,0.3140750427016008,0.6859249572983992,0.1565523729694744,0.8434476270305256,0.8137160939937272,0.18628390600627276,0.682259294425382,0.317740705574618,0.5006687790912829,0.49933122090871707,0.31796332881019473,0.6820366711898053,0.23763311629943057,0.7623668837005695,0.10912708555407867,0.8908729144459213,0.26695643278271874,1e-09,0.7330435672172813,0.26695643278271874,0.2315095969186556,0.5015339702986257,0.4984660297013743,1e-09,0.5015339702986257,0.4984660297013743,0.2414541781388531,0.2600797921597726,0.7399202078402275,1e-09,0.2600797921597725,0.7399202078402275,0.15794862788289657,0.10213116427687594
39,2025,2025-09-21 15:30:00+00:00,42,50,1.716942701993537,1.2343496528988513,0.4871501720344527,0.2375646513650968,0.2752851766004505,0.5126387048713822,0.22486420955838587,0.2624970855702319,0.7247148233995495,0.7624353486349031,0.5128498279655473,0.5816334218120911,0.6243654822335024,0.49863374578815495,0.5013662542118451,0.7934571879501923,0.8135593220338981,1.0,0.02,0.9477277828369326,0.0522722171630674,0.20654281204980773,0.5658083743130172,0.4341916256869828,0.3418556398835236,0.6581443601164765,0.17661814163854525,0.8233818583614547,0.820385196025026,0.17961480397497398,0.7089760086239977,0.2910239913760023,0.5119968691698354,0.48800313083016456,0.34975064588320876,0.6502493541167913,0.24725432558251867,0.7527456744174813,0.1280457949770711,0.8719542050229289,0.2620997118305856,1e-09,0.7379002881694143,0.2620997118305856,0.22505046020386713,0.5128498279655472,0.4871501720344527,1e-09,0.5128498279655473,0.4871501720344527,0.2375646513650968,0.27528517660045054,0.7247148233995496,1e-09,0.2752851766004504,0.7247148233995496,0.16179395917807343,0.11349121742237694
140,2025,2025-09-21 16:30:00+00:00,797,718,1.6028798549448193,0.8402266685991615,0.5540669198597494,0.24973448441108223,0.19619859572916842,0.6328705198579271,0.2751049402647724,0.09202453987730061,0.8038014042708317,0.7502655155889179,0.4459330801402507,0.4539617834399521,0.4936708860759494,0.49622494187469884,0.5037750581253012,0.7008264251489931,0.6666666666666666,1.0,0.12,0.9131094048920407,0.08689059510795927,0.29917357485100693,0.44151145882489645,0.5584885411751035,0.2303334301982527,0.7696665698017473,0.10135082535628977,0.8986491746437102,0.7986838683692885,0.2013161316307115,0.5683873199627045,0.43161268003729547,0.4759982965025986,0.5240017034974014,0.20573483568894876,0.7942651643110512,0.21738519518904303,0.7826148048109569,0.0533796913283123,0.9466203086716877,0.29742419255302976,1e-09,0.7025758074469702,0.29742419255302976,0.25664272730671955,0.4459330801402507,0.5540669198597494,1e-09,0.44593308014025057,0.5540669198597494,0.24973448441108223,0.19619859572916834,0.8038014042708316,1e-09,0.19619859572916842,0.8038014042708316,0.1345316451011693,0.06166695062799912
61,2025,2025-09-21 18:45:00+00:00,81,85,1.3042646716030115,1.6395908894356015,0.30502328987513094,0.2418763242383825,0.45310038588648643,0.34097252062627575,0.21856155253584797,0.4404659268378763,0.5468996141135134,0.7581236757616174,0.694976710124869,0.5872306531689633,0.6243654822335024,0.4986133010429455,0.5013866989570543,0.7923072203459155,0.8135593220338981,1.0,0.04,0.9473376302860128,0.05266236971398719,0.2076927796540845,0.5641136531295825,0.4358863468704175,0.34019068584831313,0.6598093141516869,0.1753914677292792,0.8246085322707208,0.7286279523449645,0.27137204765503553,0.8059403311100116,0.19405966888998838,0.37468697772739035,0.6253130222726097,0.48776186599070925,0.5122381340092907,0.14387062321381625,0.8561293767861837,0.22692060967828534,0.7730793903217147,0.1315210874133239,1e-09,0.8684789125866761,0.1315210874133239,0.17350220246180706,0.6949767101248691,0.30502328987513094,1e-09,0.6949767101248691,0.30502328987513094,0.2418763242383825,0.45310038588648655,0.5468996141135134,1e-09,0.4531003858864866,0.5468996141135134,0.2181095882200913,0.2349907976663953
140,2025,2025-09-21 19:00:00+00:00,529,546,1.7142497458279269,0.8977321384578945,0.5666191066500043,0.23797327958049924,0.19540761376949659,0.669911798294281,0.2326775575659893,0.09741064413972965,0.8045923862305036,0.7620267204195008,0.43338089334999585,0.4857971997462907,0.4936708860759494,0.4973069025712573,0.5026930974287427,0.7349199139978948,0.6804123711340206,1.0,0.02,0.926610903793508,0.07338909620649203,0.2650800860021052,0.48457321763414984,0.5154267823658502,0.26660620573622007,0.7333937942637799,0.12427473412365975,0.8757252658763403,0.8199008546713238,0.1800991453286762,0.5925072488684748,0.40749275113152517,0.5111659405674537,0.4888340594325463,0.22668790998826518,0.7733120900117348,0.24654156655176182,0.7534584334482382,0.06248402129680748,0.9375159787031925,0.3157354603644557,1e-09,0.6842645396355442,0.3157354603644557,0.25088364628554854,0.4333808933499957,0.5666191066500043,1e-09,0.43338089334999574,0.5666191066500043,0.23797327958049924,0.1954076137694965,0.8045923862305034,1e-09,0.19540761376949656,0.8045923862305034,0.13138477216187766,0.0640228416076189
140,2025,2025-09-23 17:00:00+00:00,540,532,1.2514885653363292,1.1244047989715777,0.39215084273613876,0.2775699825151072,0.33027917474875407,0.43937079432045084,0.33564901612727455,0.22498018955227464,0.669720825251246,0.7224300174848928,0.6078491572638614,0.48200701335114543,0.4936708860759494,0.4956818689241731,0.5043181310758271,0.6862733606644693,0.6666666666666666,1.0,0.0,0.9070685577180067,0.09293144228199335,0.3137266393355307,0.42398043888887715,0.5760195611111228,0.21625376810470107,0.7837462318952989,0.09286966342799177,0.9071303365720083,0.7139213400130549,0.28607865998694515,0.6751542310560974,0.3248457689439026,0.35589716825208084,0.6441028317479192,0.30989608952931097,0.690103910470689,0.13186558971528836,0.8681344102847116,0.10454708593086655,0.8954529140691334,0.17241090397735478,1e-09,0.8275890960226452,0.17241090397735478,0.21973993875878395,0.6078491572638612,0.39215084273613876,1e-09,0.6078491572638612,0.39215084273613876,0.2775699825151072,0.330279174748754,0.669720825251246,1e-09,0.330279174748754,0.669720825251246,0.19742620788526294,0.13285296686349107
140,2025,2025-09-23 17:00:00+00:00,531,547,1.9897183952737694,0.689170922800806,0.6802116272978802,0.20039095321340408,0.11939741948871568,0.7112715257950404,0.20086552101851354,0.08786295318644617,0.8806025805112843,0.799609046786596,0.3197883727021198,0.42991279694168993,0.4936708860759494,0.49764358600110914,0.502356413998891,0.7474814337800388,0.6804123711340206,1.0,0.1,0.9313601077968867,0.06863989220311328,0.25251856621996116,0.5011861259570611,0.49881387404293887,0.2812535028838193,0.7187464971161808,0.133959714221829,0.866040285778171,0.863264991629255,0.13673500837074504,0.49800791310932163,0.5019920868906784,0.5912008301957974,0.4087991698042026,0.15204956334716652,0.8479504366528334,0.32053529684608373,0.6794647031539163,0.03283734576870629,0.9671626542312937,0.4259770089190966,1e-09,0.5740229910809034,0.4259770089190966,0.2542346183787837,0.3197883727021197,0.6802116272978802,1e-09,0.3197883727021198,0.6802116272978802,0.20039095321340408,0.11939741948871571,0.8806025805112845,1e-09,0.11939741948871552,0.8806025805112845,0.08805824330335729,0.031339176185358225
140,2025,2025-09-23 19:30:00+00:00,539,541,0.8363968978435874,1.6660966329623381,0.18693812916161334,0.24245576827624266,0.5706061025621441,0.1495994520843113,0.23291803581460133,0.6174825121010874,0.429393897437856,0.7575442317237574,0.8130618708383868,0.45962828495915886,0.4936708860759494,0.49664767384852604,0.5033523261514741,0.7132133932183256,0.6666666666666666,1.0,0.08,0.9181193043587089,0.08188069564129108,0.28678660678167445,0.4568255346916871,0.5431744653083129,0.2429558822446803,0.7570441177553198,0.10915402682335859,0.8908459731766414,0.5667311730695721,0.4332688269304279,0.811016416248296,0.188983583751704,0.20434647029176514,0.7956535297082349,0.4961515036740478,0.5038484963259522,0.05279774967673873,0.9472022503232612,0.23385381833476504,0.766146181665235,0.0582725404300167,1e-09,0.9417274595699833,0.0582725404300167,0.12866558873159667,0.8130618708383865,0.18693812916161334,1e-09,0.8130618708383867,0.18693812916161334,0.24245576827624266,0.5706061025621441,0.42939389743785594,1e-09,0.5706061025621441,0.42939389743785594,0.2563009316705897,0.31430517089155435
140,2025,2025-09-23 19:30:00+00:00,536,533,0.9449740328444957,1.5333064130133311,0.23275639437782342,0.25723227123521786,0.5100113343869584,0.15974523528555956,0.29089410129160537,0.5493606634228351,0.4899886656130413,0.7427677287647818,0.7672436056221763,0.4793767016035635,0.4936708860759494,0.4964814138391156,0.5035185861608843,0.7082160686236094,0.6666666666666666,1.0,0.08,0.9161125918631147,0.08388740813688533,0.2917839313763906,0.4506031244701708,0.5493968755298292,0.23779075043808362,0.7622092495619164,0.10593856413777245,0.8940614358622275,0.6113103338619306,0.38868966613806943,0.7841789596047477,0.2158210403952523,0.24400869252568097,0.755991307474319,0.45325917430306667,0.5467408256969333,0.07046343588335453,0.9295365641166454,0.19955845980470466,0.8004415401952953,0.08038485612637689,1e-09,0.9196151438736231,0.08038485612637689,0.15237153825144656,0.7672436056221765,0.23275639437782342,1e-09,0.7672436056221765,0.23275639437782342,0.25723227123521786,0.5100113343869587,0.4899886656130414,1e-09,0.5100113343869586,0.4899886656130414,0.24723669502143938,0.26277463936551915
140,2025,2025-09-24 17:00:00+00:00,546,542,1.361386604051036,0.9755744270946626,0.45682159575001613,0.2743930443550819,0.26878535989490204,0.466453145177555,0.356338066326116,0.1772087884963291,0.7312146401050981,0.7256069556449182,0.5431784042499839,0.46333990062206065,0.4936708860759494,0.4953321951043893,0.5046678048956107,0.6775800162936171,0.6666666666666666,1.0,0.04,0.9033791582530134,0.0966208417469866,0.3224199837063829,0.41373811848067205,0.5862618815193279,0.20820870728955304,0.7917912927104469,0.0881301511123268,0.9118698488876732,0.743694808098765,0.256305191901235,0.6230242507763091,0.3769757492236909,0.3947643532951807,0.6052356467048192,0.2552563501980716,0.7447436498019284,0.1572497298373144,0.8427502701626857,0.07586387074249339,0.9241361292575067,0.2163089342829583,1e-09,0.7836910657170417,0.2163089342829583,0.24051266146705785,0.5431784042499839,0.45682159575001613,1e-09,0.5431784042499839,0.45682159575001613,0.2743930443550819,0.268785359894902,0.7312146401050981,1e-09,0.26878535989490193,0.7312146401050981,0.17235221884922375,0.09643314104567818
140,2025,2025-09-24 19:30:00+00:00,548,798,1.3038158962308324,1.1158085932065542,0.4084821687764994,0.27377724050963925,0.3177405907138614,0.43937079432045084,0.33564901612727455,0.22498018955227464,0.6822594092861387,0.7262227594903607,0.5915178312235007,0.4898109241296807,0.4936708860759494,0.49604349498525546,0.5039565050147444,0.6958072010542614,0.6666666666666666,1.0,0.02,0.911044970029558,0.08895502997044202,0.3041927989457386,0.4354099126217103,0.5645900873782896,0.22538869392989608,0.7746113060701039,0.09834557291761113,0.9016544270823889,0.7285061400517141,0.2714938599482859,0.6723497541075245,0.3276502458924755,0.3745281297215286,0.6254718702784714,0.3067547941738044,0.6932452058261955,0.14376705132884576,0.8562329486711542,0.10278779520991341,0.8972122047900866,0.18501085445680637,1e-09,0.8149891455431937,0.18501085445680637,0.22347131431969308,0.5915178312235005,0.4084821687764994,1e-09,0.5915178312235005,0.4084821687764994,0.27377724050963925,0.3177405907138613,0.6822594092861386,1e-09,0.3177405907138614,0.6822594092861386,0.19124725628361466,0.12649333443024674
140,2025,2025-09-24 19:30:00+00:00,530,728,1.324999482384258,1.037766909881728,0.4320991193455442,0.27555782935338596,0.2923430513010698,0.43937079432045084,0.33564901612727455,0.22498018955227464,0.7076569486989301,0.724442170646614,0.5679008806544558,0.4741113918971762,0.4936708860759494,0.4955669959658306,0.5044330040341694,0.6833639418447927,0.6666666666666666,1.0,0.08,0.9058406022841048,0.09415939771589521,0.31663605815520734,0.4205337536696872,0.5794662463303129,0.21353164183833545,0.7864683581616645,0.09125723359729979,0.9087427664027002,0.7341968594085729,0.26580314059142707,0.6457551347727077,0.35424486522729226,0.3820078357082907,0.6179921642917092,0.27813153564360343,0.7218684643563966,0.14868269865579287,0.8513173013442071,0.08737773240933078,0.9126222675906692,0.1994899056027114,1e-09,0.8005100943972886,0.1994899056027114,0.23260921374283272,0.5679008806544559,0.4320991193455442,1e-09,0.5679008806544559,0.4320991193455442,0.27555782935338596,0.2923430513010699,0.7076569486989299,1e-09,0.2923430513010701,0.7076569486989299,0.1821843315150538,0.11015871978601627
140,2025,2025-09-25 17:30:00+00:00,727,797,1.145961526763491,1.1742213653928724,0.35195217482206376,0.2821872365455117,0.36586058863242443,0.3419445599002462,0.3427849766373282,0.3152704634624256,0.6341394113675755,0.7178127634544882,0.6480478251779361,0.47127798004873184,0.4936708860759494,0.4951729131108513,0.5048270868891487,0.6737733628561445,0.6666666666666666,1.0,0.16,0.9017443774213943,0.09825562257860565,0.32622663714385547,0.4093061389049073,0.5906938610950927,0.20476869605533027,0.7952313039446697,0.08612762712884615,0.9138723728711539,0.682081903447594,0.317918096552406,0.6909404540225325,0.30905954597746754,0.3177599961360197,0.6822400038639803,0.3280361319565508,0.6719638680434492,0.10901055156757601,0.890989448432424,0.11497112767454212,0.8850288723254579,0.14456996724604998,1e-09,0.85543003275395,0.14456996724604998,0.2073822075760138,0.6480478251779362,0.35195217482206376,1e-09,0.6480478251779362,0.35195217482206376,0.2821872365455117,0.36586058863242454,0.6341394113675756,1e-09,0.36586058863242443,0.6341394113675756,0.21249633015676897,0.15336425847565546
140,2025,2025-09-25 19:30:00+00:00,718,529,0.7031804148665013,1.8833746757167602,0.13210913545748898,0.21326512258542352,0.6546257419570879,0.15504026682074215,0.20501986642533043,0.6399398667539274,0.3453742580429125,0.7867348774145768,0.8678908645425114,0.42819405989105114,0.4936708860759494,0.497166102321665,0.5028338976783352,0.7300067083770294,0.6804123711340206,1.0,0.0,0.9247207181253942,0.07527928187460575,0.2699932916229706,0.4781874518155036,0.5218125481844964,0.2610726584931702,0.7389273415068298,0.12067781501573237,0.8793221849842676,0.5049915345273788,0.49500846547262123,0.8479232434890668,0.15207675651093322,0.15691127641292063,0.8430887235870794,0.5615057315109266,0.43849426848907336,0.03452966625869085,0.9654703337413092,0.29178998713992466,0.7082100128600753,0.03547208026109727,1e-09,0.9645279197389027,0.03547208026109727,0.09663705519639171,0.867890864542511,0.13210913545748898,1e-09,0.867890864542511,0.13210913545748898,0.21326512258542352,0.6546257419570874,0.34537425804291255,1e-09,0.6546257419570874,0.34537425804291255,0.25882942505888495,0.3957963168982025
61,2025,2025-09-26 18:45:00+00:00,95,81,1.3385960740174174,1.292516994550395,0.37973505751192316,0.26200700115037345,0.3582579413377032,0.37429432865917933,0.28060895009992237,0.3450967212408983,0.6417420586622966,0.7379929988496263,0.6202649424880766,0.5352058796878981,0.5370370370370372,0.49740811403841395,0.5025918859615858,0.7385660280583417,0.6804123711340206,1.0,0.0,0.9280016989268172,0.07199830107318284,0.2614339719416583,0.48935269342060217,0.5106473065793978,0.27078320621140295,0.729216793788597,0.12701294766459678,0.8729870523354032,0.7377864134313368,0.2622135865686632,0.7254211651833784,0.2745788348166216,0.3867883358959736,0.6132116641040264,0.3705233548385003,0.6294766451614997,0.15186601160737354,0.8481339883926264,0.14116762923840634,0.8588323707615937,0.1721592662399306,1e-09,0.8278407337600694,0.1721592662399306,0.20757579127199266,0.6202649424880767,0.37973505751192316,1e-09,0.6202649424880768,0.37973505751192316,0.26200700115037345,0.3582579413377034,0.6417420586622967,1e-09,0.3582579413377033,0.6417420586622967,0.20043031881237403,0.15782762252532925
140,2025,2025-09-26 19:00:00+00:00,547,540,0.8945883873575089,1.4005076153179434,0.2401344163159002,0.27247629368606846,0.48738928999803144,0.23224525805028667,0.33546537273930305,0.4322893692104102,0.5126107100019687,0.7275237063139317,0.7598655836841,0.44550403738344735,0.4936708860759494,0.4949245251129933,0.5050754748870068,0.6680133136369473,0.6666666666666666,1.0,0.08,0.8992482507055045,0.10075174929449549,0.33198668636305273,0.40266012376413773,0.5973398762358623,0.1996564419723846,0.8003435580276154,0.08317820731998739,0.9168217926800126,0.5912241773599197,0.4087758226400803,0.7535281107290321,0.24647188927096786,0.22553807339277393,0.7744619266072261,0.4083423528427478,0.5916576471572522,0.0619688023788985,0.9380311976211015,0.16662471153288386,0.8333752884671162,0.0804399582509966,1e-09,0.9195600417490034,0.0804399582509966,0.15969445806490362,0.7598655836840997,0.2401344163159002,1e-09,0.7598655836840997,0.2401344163159002,0.27247629368606846,0.48738928999803127,0.5126107100019686,1e-09,0.48738928999803144,0.5126107100019686,0.25000693928580975,0.2373823507122217
39,2025,2025-09-27 11:30:00+00:00,55,33,1.2587642564491737,1.620118858859914,0.29732677698150856,0.24430788451786561,0.4583653385006256,0.26606810467535313,0.24340304390671189,0.49052885141793495,0.5416346614993741,0.7556921154821341,0.7026732230184912,0.5743173623138703,0.6222222222222222,0.4984208817612089,0.501579118238791,0.7820162162621993,0.8135593220338981,1.0,0.02,0.943802435583234,0.056197564416766044,0.2179837837378007,0.5491344087154717,0.4508655912845283,0.32565457417889715,0.6743454258211028,0.1648114936138155,0.8351885063861845,0.7159952048480227,0.2840047951519773,0.8021245930490813,0.19787540695091865,0.3585001200499765,0.6414998799500236,0.4815429145429226,0.5184570854570774,0.1334991027495954,0.8665008972504046,0.221852702966205,0.778147297033795,0.1253176181490368,1e-09,0.8746823818509633,0.1253176181490368,0.17200915883247173,0.7026732230184916,0.29732677698150856,1e-09,0.7026732230184914,0.29732677698150856,0.24430788451786561,0.45836533850062583,0.5416346614993741,1e-09,0.4583653385006259,0.5416346614993741,0.22138798483774766,0.23697735366287823
140,2025,2025-09-27 12:00:00+00:00,546,539,1.507902818803262,0.8107162007450738,0.5374437607584375,0.26087544331847357,0.20168079592308896,0.570385620123523,0.25803159005587945,0.17158278982059755,0.798319204076911,0.7391245566815264,0.46255623924156253,0.43249599651600545,0.4936708860759494,0.495157748248808,0.504842251751192,0.6734165258948979,0.6666666666666666,1.0,0.08,0.9015905495083454,0.09840945049165462,0.32658347410510213,0.4088922104360661,0.5911077895639338,0.20444850745045384,0.7955514925495462,0.08594174290788655,0.9140582570921134,0.7786261191619691,0.2213738808380309,0.5554604268623817,0.44453957313761827,0.44481582023644234,0.5551841797635577,0.19506499304652597,0.804935006953474,0.19313907488842774,0.8068609251115723,0.04897578461163398,0.951024215388366,0.2778656642807707,1e-09,0.7221343357192294,0.2778656642807707,0.2595780964776668,0.4625562392415626,0.5374437607584375,1e-09,0.46255623924156253,0.5374437607584375,0.26087544331847357,0.20168079592308896,0.7983192040769109,1e-09,0.20168079592308907,0.7983192040769109,0.1395608294837926,0.06211996643929649
39,2025,2025-09-27 14:00:00+00:00,49,51,1.8172971715344328,1.0683346336523398,0.549070905479407,0.2296305445411486,0.2212985499794443,0.6067428842350832,0.21073737279119678,0.18251974297372017,0.7787014500205556,0.7703694554588513,0.4509290945205929,0.5497746420658639,0.5487012987012987,0.4984419367520889,0.501558063247911,0.783105186116762,0.8135593220338981,1.0,0.02,0.9441802968583891,0.05581970314161089,0.21689481388323795,0.5507034548265348,0.4492965451734652,0.32716151236242236,0.6728384876375777,0.1658965776202759,0.8341034223797241,0.8375351738181572,0.16246482618184277,0.656419765106096,0.343580234893904,0.5422883047237363,0.45771169527626365,0.2893611007298452,0.7106388992701548,0.2740126546685971,0.725987345331403,0.09329035886181855,0.9067096411381814,0.31160348717921954,1e-09,0.6883965128207805,0.31160348717921954,0.23746741830018744,0.45092909452059304,0.549070905479407,1e-09,0.45092909452059304,0.549070905479407,0.2296305445411486,0.22129854997944445,0.7787014500205557,1e-09,0.22129854997944431,0.7787014500205557,0.1395999901986249,0.08169855978081941
39,2025,2025-09-27 14:00:00+00:00,63,35,1.2296570195292604,1.4656389670069279,0.3175286963552789,0.25635245795454653,0.42611884569017466,0.34124092241049814,0.2558287679959231,0.4029303095935788,0.5738811543098254,0.7436475420454536,0.6824713036447212,0.5441990702450427,0.5370370370370372,0.4977203455487195,0.5022796544512806,0.7504846419448248,0.6804123711340206,1.0,0.0,0.9324775717657938,0.06752242823420618,0.24951535805517522,0.5052222352823653,0.4947777647176347,0.28487064184023586,0.7151293581597642,0.13639245048214674,0.8636075495178532,0.707607131309527,0.292392868690473,0.7690695107013097,0.2309304892986903,0.34806418786340454,0.6519358121365955,0.43060878691471033,0.5693912130852896,0.12700693574767685,0.8729930642523231,0.1825781741228676,0.8174218258771324,0.13350801151014502,1e-09,0.866491988489855,0.13350801151014502,0.1840206848451339,0.6824713036447211,0.3175286963552789,1e-09,0.6824713036447211,0.3175286963552789,0.25635245795454653,0.42611884569017455,0.5738811543098254,1e-09,0.42611884569017455,0.5738811543098254,0.21933586533547725,0.2067829803546973
39,2025,2025-09-27 14:00:00+00:00,52,40,1.2136425456555395,1.5862599075995258,0.29204229900364587,0.24786717782790174,0.4600905231684524,0.25828132117540814,0.2655457080979134,0.4761729707266784,0.5399094768315476,0.7521328221720982,0.7079577009963541,0.5590130439818313,0.5487012987012987,0.4981506723762559,0.5018493276237441,0.7689049181980059,0.8014184397163121,1.0,0.02,0.9391839436288917,0.06081605637110832,0.23109508180199412,0.5305225876768654,0.46947741232313456,0.3080401636636594,0.6919598363363406,0.15230789246325155,0.8476921075367485,0.7028869212321321,0.29711307876786786,0.7953100663785907,0.2046899336214093,0.3422978479681483,0.6577021520318517,0.47061863118533176,0.5293813688146682,0.12348472756195097,0.876515272438049,0.21309612819099874,0.7869038718090012,0.12035779563063413,1e-09,0.8796422043693659,0.12035779563063413,0.1716845033730117,0.7079577009963542,0.29204229900364587,1e-09,0.7079577009963541,0.29204229900364587,0.24786717782790174,0.4600905231684524,0.5399094768315476,1e-09,0.46009052316845245,0.5399094768315476,0.22439576251802465,0.2356947606504278
39,2025,2025-09-27 14:00:00+00:00,50,44,1.9266915184875888,0.9614211217642279,0.5992430373173235,0.21764582997203266,0.18311113271064375,0.7094417437603457,0.20140883076712407,0.08914942547253023,0.8168888672893562,0.7823541700279673,0.4007569626826764,0.5277023233358018,0.5370370370370372,0.4984494809713025,0.5015505190286975,0.7835039311005029,0.8135593220338981,1.0,0.0,0.9443184678709914,0.055681532129008615,0.21649606889949713,0.5512786829087422,0.44872131709125784,0.3277144580124002,0.6722855419875998,0.16629479205436604,0.833705207945634,0.8543699288084676,0.14563007119153237,0.6176508623983255,0.38234913760167455,0.5737857058067071,0.42621429419329293,0.2500523256189741,0.7499476743810258,0.30348608446696546,0.6965139155330345,0.07334382682396001,0.92665617317604,0.3567224237360552,1e-09,0.6432775762639448,0.3567224237360552,0.2425206135812682,0.4007569626826766,0.5992430373173235,1e-09,0.40075696268267647,0.5992430373173235,0.21764582997203266,0.1831111327106438,0.8168888672893562,1e-09,0.18311113271064383,0.8168888672893562,0.1210180447274726,0.06209308798317123
140,2025,2025-09-27 14:15:00+00:00,530,541,1.0911384611958117,1.2340173507710794,0.3244314039765478,0.28094435094500814,0.3946242450784442,0.3419445599002462,0.3427849766373282,0.3152704634624256,0.6053757549215559,0.719055649054992,0.6755685960234523,0.4708135543339182,0.4936708860759494,0.4952206834886526,0.5047793165113473,0.6749054357375944,0.6666666666666666,1.0,0.0,0.9022317802094482,0.09776821979055184,0.32509456426240557,0.4106208502063104,0.5893791497936895,0.20578657018554053,0.7942134298144594,0.08671866601521928,0.9132813339847807,0.6641660498172075,0.3358339501827925,0.7088792847261585,0.29112071527384153,0.297724710196773,0.702275289803227,0.34963127090876917,0.6503687290912308,0.09780559048042017,0.9021944095195799,0.1279721297680562,0.8720278702319438,0.12787875887325603,1e-09,0.8721212411267439,0.12787875887325603,0.19655264510329173,0.6755685960234522,0.3244314039765478,1e-09,0.6755685960234522,0.3244314039765478,0.28094435094500814,0.39462424507844407,0.6053757549215558,1e-09,0.3946242450784442,0.6053757549215558,0.22229018866365438,0.1723340564147898
61,2025,2025-09-27 15:00:00+00:00,97,91,1.2086388528869854,1.5616527055739695,0.2950444292050306,0.2498664714708865,0.4550890993240829,0.25828132117540814,0.2655457080979134,0.4761729707266784,0.5449109006759171,0.7501335285291135,0.7049555707949694,0.5542510912949609,0.5487012987012987,0.4980378502305278,0.5019621497694723,0.763814636593145,0.8014184397163121,1.0,0.0,0.9373562071408766,0.06264379285912336,0.23618536340685503,0.52343426262769,0.47656573737231,0.30145968902201825,0.6985403109779817,0.14772611715859651,0.8522738828414035,0.7013965338886596,0.29860346611134037,0.790210764547178,0.20978923545282202,0.34049278313917386,0.6595072168608261,0.46259283740156387,0.5374071625984361,0.12239163548457851,0.8776083645154215,0.20678012624049458,0.7932198737595054,0.12150781528027148,1e-09,0.8784921847197286,0.12150781528027148,0.17353661392475922,0.7049555707949693,0.2950444292050306,1e-09,0.7049555707949694,0.2950444292050306,0.2498664714708865,0.4550890993240829,0.5449109006759173,1e-09,0.4550890993240827,0.5449109006759173,0.22422241516096228,0.23086668416312042
39,2025,2025-09-27 16:30:00+00:00,65,746,1.4335451873288452,1.3134344679128596,0.3999107094426315,0.2550832777833716,0.3450060127739968,0.4851943709172359,0.26636143809486185,0.24844419098790219,0.6549939872260031,0.7449167222166283,0.6000892905573684,0.5567641572095953,0.5487012987012987,0.49794421883216816,0.5020557811678318,0.7597389065127751,0.7941176470588235,1.0,0.04,0.935878730179121,0.06412126982087896,0.2402610934872249,0.5178126504678777,0.4821873495321223,0.29629048265955615,0.7037095173404438,0.1441612606206999,0.8558387393793001,0.7615378857390679,0.2384621142609321,0.7311050016496485,0.26889499835035147,0.4196916694795706,0.5803083305204294,0.37792904256638765,0.6220709574336123,0.17466567041653977,0.8253343295834602,0.1459923036169662,0.8540076963830339,0.18960782422040673,1e-09,0.8103921757795933,0.18960782422040673,0.21030288522222487,0.6000892905573685,0.3999107094426315,1e-09,0.6000892905573685,0.3999107094426315,0.2550832777833716,0.3450060127739969,0.6549939872260031,1e-09,0.3450060127739969,0.6549939872260031,0.19268249134657173,0.15232352142742517
140,2025,2025-09-27 16:30:00+00:00,798,542,1.13152413035595,1.1109912705398248,0.3611343771152058,0.28798417665565346,0.35088144622914075,0.37391715103115536,0.3748361486373763,0.2512467003314683,0.6491185537708593,0.7120158233443465,0.6388656228847942,0.4544173136328819,0.4936708860759494,0.49436172674624773,0.5056382732537523,0.6556738465819912,0.6666666666666666,1.0,0.06,0.8938089381710653,0.10619106182893467,0.34432615341800876,0.38866304139053476,0.6113369586094652,0.18907109377439044,0.8109289062256095,0.07717408966816047,0.9228259103318395,0.6774587021683887,0.32254129783161134,0.6707675496355583,0.3292324503644417,0.31249544063495005,0.68750455936505,0.3049931713015692,0.6950068286984308,0.10601307207533746,0.8939869279246625,0.10180710064310677,0.8981928993568933,0.14786012859149308,1e-09,0.8521398714085069,0.14786012859149308,0.21327424852371277,0.6388656228847941,0.3611343771152058,1e-09,0.6388656228847942,0.3611343771152058,0.28798417665565346,0.35088144622914075,0.6491185537708593,1e-09,0.35088144622914075,0.6491185537708593,0.20940413198811095,0.1414773142410298
61,2025,2025-09-27 17:00:00+00:00,96,83,1.53658796634587,1.0822025766267673,0.477778004041906,0.2548371605679137,0.2673848353901803,0.5184340171429598,0.28460930019126385,0.19695668266577637,0.7326151646098198,0.7451628394320864,0.522221995958094,0.5189286732545554,0.5370370370370372,0.4973434201605261,0.502656579839474,0.7362226648325964,0.6804123711340206,1.0,0.02,0.9271089796342346,0.07289102036576545,0.26377733516740365,0.48627702683961876,0.5137229731603812,0.26809193582823415,0.7319080641717659,0.1252466725884405,0.8747533274115595,0.7848860240417295,0.21511397595827053,0.6611516288470604,0.33884837115293964,0.4543444771910064,0.5456555228089937,0.2944490484988885,0.7055509515011116,0.2003913955565902,0.7996086044434099,0.09602580984428367,0.9039741901557163,0.2429485326974121,1e-09,0.7570514673025879,0.2429485326974121,0.23482947134449395,0.5222219959580939,0.477778004041906,1e-09,0.522221995958094,0.477778004041906,0.2548371605679137,0.2673848353901803,0.7326151646098196,1e-09,0.26738483539018043,0.7326151646098196,0.16538790132616443,0.101996934064016
140,2025,2025-09-27 19:00:00+00:00,533,531,1.3893401101007934,1.0107457067806351,0.4560243807537573,0.2704370321610662,0.2735385870851764,0.43937079432045084,0.33564901612727455,0.22498018955227464,0.7264614129148235,0.7295629678389337,0.5439756192462426,0.4775229224070762,0.4936708860759494,0.4958858174596445,0.5041141825403554,0.6915775582316154,0.6666666666666666,1.0,0.02,0.9092898066757945,0.09071019332420549,0.3084224417683846,0.4303135184051866,0.5696864815948134,0.2212948129220153,0.7787051870779846,0.09587910529851108,0.9041208947014889,0.7507602134060453,0.24923978659395474,0.6360525156768255,0.3639474843231745,0.40448138085760355,0.5955186191423965,0.2681941584028364,0.7318058415971636,0.16393184518804405,0.836068154811956,0.08228853074343785,0.9177114692565621,0.21819674559008223,1e-09,0.7818032544099178,0.21819674559008223,0.23782763516367508,0.5439756192462427,0.4560243807537573,1e-09,0.5439756192462427,0.4560243807537573,0.2704370321610662,0.27353858708517653,0.7264614129148235,1e-09,0.27353858708517653,0.7264614129148235,0.17301973753431862,0.10051884955085791
39,2025,2025-09-27 19:00:00+00:00,47,39,1.9978946298712599,0.9622456479234749,0.6142972174174249,0.2108460993160471,0.17485668326652784,0.7094417437603457,0.20140883076712407,0.08914942547253023,0.8251433167334721,0.7891539006839527,0.38570278258257495,0.5341564344501152,0.5370370370370372,0.4986573358334854,0.5013426641665145,0.7948169136895871,0.8135593220338981,1.0,0.06,0.9481879246902413,0.05181207530975873,0.20518308631041293,0.567817060134814,0.43218293986518597,0.3438332569475636,0.6561667430524364,0.1780773876002809,0.8219226123997191,0.864378369831647,0.13562163016835305,0.6179659893087095,0.3820340106912905,0.5934206432236373,0.4065793567763627,0.2503554251615008,0.7496445748384992,0.32274814976723254,0.6772518502327675,0.0734895924204607,0.9265104075795393,0.37376702572262,1e-09,0.62623297427738,0.37376702572262,0.24053019169480505,0.38570278258257495,0.6142972174174249,1e-09,0.38570278258257507,0.6142972174174249,0.2108460993160471,0.17485668326652798,0.8251433167334722,1e-09,0.1748566832665278,0.8251433167334722,0.11584651497239573,0.05901016829413208
61,2025,2025-09-27 19:05:00+00:00,85,108,1.9783143298499213,0.8711133764349315,0.6323450539473814,0.20977246519867274,0.1578824808539457,0.7105283220248534,0.20065563772204012,0.08881604025310667,0.8421175191460541,0.7902275348013271,0.36765494605261845,0.5010892981827347,0.4936708860759494,0.4983246163137406,0.5016753836862594,0.777203325981211,0.8135593220338981,1.0,0.0,0.9421221306079033,0.057877869392096715,0.222796674018789,0.5422412203856505,0.4577587796143495,0.3190720425150448,0.6809279574849552,0.1600959328614866,0.8399040671385134,0.8616967878629096,0.1383032121370904,0.5815146409277285,0.41848535907227147,0.5880895614275532,0.4119104385724468,0.21696644679686045,0.7830335532031396,0.3174490130235007,0.6825509869764993,0.058185042665197195,0.9418149573348028,0.38640378822807214,1e-09,0.6135962117719278,0.38640378822807214,0.2459412657193094,0.3676549460526184,0.6323450539473814,1e-09,0.3676549460526186,0.6323450539473814,0.20977246519867274,0.15788248085394588,0.8421175191460544,1e-09,0.15788248085394563,0.8421175191460544,0.10829559446289748,0.04958688639104815
140,2025,2025-09-28 12:00:00+00:00,728,536,1.254904679374532,1.0407788997541974,0.4118652428267103,0.2819141597381362,0.3062205974351533,0.43937079432045084,0.33564901612727455,0.22498018955227464,0.6937794025648465,0.7180858402618635,0.5881347571732896,0.4624100102545497,0.4936708860759494,0.49493050037479175,0.5050694996252081,0.6681492174647304,0.6666666666666666,1.0,0.16,0.8993074503157251,0.10069254968427488,0.33185078253526956,0.40281613779617675,0.5971838622038232,0.1997758731309279,0.8002241268690721,0.08324682275720297,0.916753177242797,0.7148969492608792,0.2851030507391208,0.6468205113093957,0.35317948869060434,0.3571197967838317,0.6428802032161682,0.27923875165353224,0.7207612483464678,0.1326316853751028,0.8673683146248972,0.08795308196099398,0.9120469180390061,0.1829370832575652,1e-09,0.8170629167424348,0.1829370832575652,0.228928159569145,0.5881347571732898,0.4118652428267103,1e-09,0.5881347571732898,0.4118652428267103,0.2819141597381362,0.30622059743515356,0.6937794025648465,1e-09,0.3062205974351535,0.6937794025648465,0.18986589336643656,0.11635470406871695
61,2025,2025-09-28 13:00:00+00:00,84,114,1.5358065292409842,1.226503857245173,0.444626449541872,0.251318866264503,0.3040546841936249,0.4851943709172359,0.26636143809486185,0.24844419098790219,0.6959453158063751,0.7486811337354969,0.5553735504581279,0.5545473329865426,0.5487012987012987,0.49800628370467187,0.5019937162953283,0.7624260614317903,0.7941176470588235,1.0,0.02,0.9368542426958113,0.0631457573041887,0.23757393856820974,0.5215136730308052,0.4784863269691948,0.29968874212611873,0.7003112578738813,0.14650141447099008,0.8534985855290099,0.7847178610332104,0.2152821389667896,0.7066837146491434,0.29331628535085663,0.4540861463786197,0.5459138536213803,0.3469301592729055,0.6530698407270945,0.2001929733079577,0.7998070266920423,0.12631059760923533,0.8736894023907646,0.22267929441517625,1e-09,0.7773207055848237,0.22267929441517625,0.22194715512669577,0.5553735504581279,0.444626449541872,1e-09,0.555373550458128,0.444626449541872,0.251318866264503,0.30405468419362497,0.6959453158063749,1e-09,0.30405468419362514,0.6959453158063749,0.1772482644686138,0.12680641972501133
39,2025,2025-09-28 13:00:00+00:00,66,36,1.1999132034110833,1.4816719588662461,0.3069847627320396,0.25621406749836256,0.4368011697695978,0.3287857498980193,0.24649110879451266,0.42472314130746797,0.5631988302304022,0.7437859325016374,0.6930152372679603,0.5399767030218233,0.5370370370370372,0.49765696688348443,0.5023430331165155,0.7479785812372404,0.6804123711340206,1.0,0.04,0.9315454056733733,0.0684545943266267,0.25202141876275963,0.5018535448898374,0.49814645511016264,0.2818517963781627,0.7181482036218373,0.13436344025693595,0.8656365597430641,0.6987796255902525,0.30122037440974747,0.7727424831049444,0.22725751689505558,0.3373413211989635,0.6626586788010365,0.43602139287951314,0.5639786071204869,0.12049402436979142,0.8795059756302086,0.18656629420623036,0.8134337057937696,0.12668415947350492,1e-09,0.8733158405264951,0.12668415947350492,0.1803006032585347,0.6930152372679604,0.3069847627320396,1e-09,0.6930152372679603,0.3069847627320396,0.25621406749836256,0.43680116976959776,0.5631988302304022,1e-09,0.4368011697695978,0.5631988302304022,0.22263806019915414,0.21416310957044368
140,2025,2025-09-28 14:15:00+00:00,797,538,1.15229327130779,1.1340788706192975,0.362169037327587,0.28468276766844197,0.3531481950039709,0.37391715103115536,0.3748361486373763,0.2512467003314683,0.646851804996029,0.7153172323315579,0.6378309626724128,0.46400469625737284,0.4936708860759494,0.4948352096083663,0.5051647903916338,0.6659911538560125,0.6666666666666666,1.0,0.18,0.8983654827514678,0.10163451724853223,0.3340088461439875,0.40034405781289245,0.5996559421871075,0.19788801782028742,0.8021119821797126,0.08216555536906121,0.9178344446309388,0.6840885195231934,0.3159114804768066,0.6782816594856472,0.3217183405143528,0.32006584624025497,0.679934153759745,0.3134276872169721,0.6865723127830279,0.11033540772618883,0.8896645922738111,0.1065410968108954,0.8934589031891046,0.1499302719723589,1e-09,0.8500697280276411,0.1499302719723589,0.21223876535522804,0.6378309626724131,0.362169037327587,1e-09,0.637830962672413,0.362169037327587,0.28468276766844197,0.35314819500397104,0.6468518049960291,1e-09,0.3531481950039709,0.6468518049960291,0.20888388859766416,0.14426430640630672
61,2025,2025-09-28 15:15:00+00:00,79,80,1.669281373266344,1.1785414451011818,0.4883872407765114,0.2420021887205353,0.26961057050295334,0.5352224200094897,0.2614428665117277,0.20333471347878251,0.7303894294970468,0.7579978112794648,0.5116127592234887,0.5618605404146085,0.5487012987012987,0.498319658243817,0.5016803417561829,0.7769398349196178,0.8135593220338981,1.0,0.04,0.9420295123737269,0.057970487626273104,0.22306016508038218,0.5418667596540216,0.45813324034597835,0.3187179370786911,0.6812820629213089,0.15984585987299366,0.8401541401270063,0.8116173173203166,0.1883826826796834,0.6922727354680184,0.3077272645319816,0.4971536140768007,0.5028463859231993,0.3296034004288477,0.6703965995711523,0.23468941288010797,0.765310587119892,0.11589297932301076,0.8841070206769892,0.25956501726715153,1e-09,0.7404349827328485,0.25956501726715153,0.22882222350935988,0.5116127592234886,0.4883872407765114,1e-09,0.5116127592234886,0.4883872407765114,0.2420021887205353,0.2696105705029533,0.7303894294970467,1e-09,0.26961057050295334,0.7303894294970467,0.16155243704563005,0.10805813345732329
61,2025,2025-09-28 15:15:00+00:00,112,111,1.1756142201057087,1.5185525006688017,0.2942331573576691,0.254103543306594,0.451663299335737,0.25828132117540814,0.2655457080979134,0.4761729707266784,0.5483367006642631,0.7458964566934061,0.705766842642331,0.5399405239997658,0.5370370370370372,0.4977151832819141,0.5022848167180859,0.7502790127310965,0.6804123711340206,1.0,0.0,0.9324012676892903,0.06759873231070967,0.24972098726890346,0.5049451535204584,0.49505484647954157,0.2846217138653469,0.7153782861346532,0.13622469413377086,0.8637753058662292,0.6913706292288394,0.3086293707711606,0.7809711624602169,0.21902883753978308,0.32854155220736825,0.6714584477926318,0.44836437349516,0.55163562650484,0.11526804099987013,0.8847319590001299,0.19582393793367397,0.8041760620663261,0.11928298784473149,1e-09,0.8807170121552685,0.11928298784473149,0.17495016951293751,0.705766842642331,0.2942331573576691,1e-09,0.7057668426423309,0.2942331573576691,0.254103543306594,0.4516632993357369,0.5483367006642632,1e-09,0.4516632993357368,0.5483367006642632,0.2259848620939294,0.2256784372418074
61,2025,2025-09-28 15:15:00+00:00,77,106,1.3712091817746883,1.3287196751845296,0.38073241048543616,0.2581164105987391,0.3611511789158249,0.37429432865917933,0.28060895009992237,0.3450967212408983,0.6388488210841752,0.741883589401261,0.619267589514564,0.5485942387463942,0.5487012987012987,0.49774137645483574,0.5022586235451644,0.7513265936422159,0.6804123711340206,1.0,0.04,0.9327896789447943,0.06721032105520575,0.24867340635778412,0.5063578834013253,0.49364211659867474,0.28589185345722046,0.7141081465427795,0.13708120440065683,0.8629187955993431,0.7462000576279674,0.2537999423720326,0.7351838600632212,0.26481613993677877,0.39818724631304153,0.6018127536869584,0.38331744462227385,0.6166825553777262,0.15958806518756927,0.8404119348124307,0.14955153000540167,0.8504484699945983,0.17487860314651532,1e-09,0.8251213968534847,0.17487860314651532,0.2058538073389208,0.619267589514564,0.38073241048543616,1e-09,0.6192675895145638,0.38073241048543616,0.2581164105987391,0.36115117891582477,0.6388488210841753,1e-09,0.3611511789158247,0.6388488210841753,0.19947503827889332,0.1616761406369314
39,2025,2025-09-28 15:30:00+00:00,34,42,1.287605302004934,1.3846585630963657,0.3478548202265448,0.25937495602259686,0.39277022375085835,0.37429432865917933,0.28060895009992237,0.3450967212408983,0.6072297762491417,0.7406250439774031,0.6521451797734552,0.5427555055080283,0.5370370370370372,0.4976128855737715,0.5023871144262284,0.7462625371667547,0.6804123711340206,1.0,0.02,0.9309043488828633,0.06909565111713667,0.2537374628332453,0.4995567164486037,0.5004432835513963,0.27980236644322454,0.7201976335567755,0.1329919642634417,0.8670080357365583,0.7240692021812937,0.27593079781870633,0.749590652209598,0.250409347790402,0.3687792439229242,0.6312207560770757,0.40285920451174106,0.5971407954882589,0.1400426269212748,0.8599573730787252,0.16280687043657574,0.8371931295634243,0.15217683510747337,1e-09,0.8478231648925266,0.15217683510747337,0.19567798511907136,0.6521451797734552,0.3478548202265448,1e-09,0.6521451797734552,0.3478548202265448,0.25937495602259686,0.39277022375085835,0.6072297762491415,1e-09,0.39277022375085846,0.6072297762491415,0.21042721498789882,0.18234300876295964
140,2025,2025-09-28 16:30:00+00:00,543,727,1.2664399765250796,1.0277672747029554,0.41810680924205246,0.28151427529438333,0.30037891546356427,0.43937079432045084,0.33564901612727455,0.22498018955227464,0.6996210845364358,0.7184857247056167,0.5818931907579477,0.46120316061451944,0.4936708860759494,0.49491550922327593,0.5050844907767241,0.6678078074798588,0.6666666666666666,1.0,0.18,0.8991586845678569,0.10084131543214314,0.3321921925201412,0.40242437758290084,0.5975756224170992,0.19947618117411384,0.8005238188258862,0.08307487521770698,0.916925124782293,0.7181667994743305,0.2818332005256695,0.642195045708046,0.357804954291954,0.36124196761604954,0.6387580323839505,0.2744548229594731,0.7255451770405269,0.13523002977578313,0.8647699702242169,0.08547913969262609,0.9145208603073739,0.1871647925581137,1e-09,0.8128352074418863,0.1871647925581137,0.2309420166839387,0.5818931907579477,0.41810680924205246,1e-09,0.5818931907579475,0.41810680924205246,0.28151427529438333,0.3003789154635642,0.6996210845364358,1e-09,0.3003789154635642,0.6996210845364358,0.1874187892844042,0.11296012617916001
61,2025,2025-09-28 18:45:00+00:00,94,116,1.2295589357210954,1.5646607951790976,0.2997396090731318,0.24909341892411518,0.451166972002753,0.25828132117540814,0.2655457080979134,0.4761729707266784,0.548833027997247,0.7509065810758848,0.7002603909268682,0.5595819633781255,0.5487012987012987,0.4981295391164501,0.50187046088355,0.7679355255397083,0.8014184397163121,1.0,0.04,0.938837365540474,0.061162634459525966,0.23206447446029166,0.5291668788508325,0.47083312114916753,0.3067761909510946,0.6932238090489053,0.1514240789263855,0.8485759210736145,0.7075784509152263,0.2924215490847737,0.7908408780033732,0.20915912199662678,0.34802892224005305,0.651971077759947,0.4635777998607508,0.5364222001392491,0.12698525433125968,0.8730147456687403,0.20754994582072628,0.7924500541792737,0.12490181932442757,1e-09,0.8750981806755724,0.12490181932442757,0.17483778974870426,0.7002603909268682,0.2997396090731318,1e-09,0.7002603909268682,0.2997396090731318,0.24909341892411518,0.451166972002753,0.5488330279972471,1e-09,0.4511669720027529,0.5488330279972471,0.22248777768027925,0.22867919432247366
140,2025,2025-09-28 19:00:00+00:00,529,548,1.7617338949400907,0.8212942105949431,0.5971297620467892,0.2313563303479246,0.17151390760528595,0.7013511196310251,0.21051613385449414,0.08813274651448068,0.8284860923947138,0.7686436696520752,0.40287023795321053,0.4639358268106219,0.4936708860759494,0.49714629286394163,0.5028537071360585,0.7293198107657173,0.6804123711340206,1.0,0.0,0.924454907619623,0.07554509238037699,0.2706801892342827,0.4773000909904768,0.5226999090095232,0.260308751214009,0.739691248785991,0.12018506888869471,0.8798149311113053,0.8282527469164739,0.17174725308352612,0.5601379875137709,0.43986201248622914,0.5256797897960281,0.47432021020397186,0.19888186319731063,0.8011181368026894,0.2591532726700535,0.7408467273299465,0.050533081475411454,0.9494669185245885,0.3415237902712333,1e-09,0.6584762097287666,0.3415237902712333,0.25560597177555616,0.4028702379532105,0.5971297620467892,1e-09,0.40287023795321075,0.5971297620467892,0.2313563303479246,0.17151390760528615,0.8284860923947142,1e-09,0.17151390760528584,0.8284860923947142,0.1191597127215594,0.052354194883726446
39,2025,2025-09-29 19:00:00+00:00,45,48,1.5831783002808308,1.2503111857193436,0.45115813539587046,0.24718902434716652,0.3016528402569631,0.4851943709172359,0.26636143809486185,0.24844419098790219,0.698347159743037,0.7528109756528336,0.5488418646041296,0.5670699897556898,0.5487012987012987,0.49827081891748076,0.5017291810825193,0.7745626498007776,0.8014184397163121,1.0,0.04,0.9411926520152469,0.05880734798475307,0.2254373501992224,0.5384904701371098,0.4615095298628902,0.3155211237987925,0.6844788762012075,0.1575757991610746,0.8424242008389254,0.7946783230536948,0.2053216769463052,0.7135843187172419,0.2864156812827581,0.46961749953462284,0.5303825004653772,0.35547558864341033,0.6445244113565897,0.21230287850089197,0.787697121499108,0.1316019131855218,0.8683980868144782,0.22996349091982465,1e-09,0.7700365090801753,0.22996349091982465,0.22119464447604573,0.5488418646041295,0.45115813539587046,1e-09,0.5488418646041295,0.45115813539587046,0.24718902434716652,0.30165284025696304,0.6983471597430368,1e-09,0.30165284025696315,0.6983471597430368,0.1746879288078937,0.12696491144906946
140,2025,2025-09-29 19:00:00+00:00,532,718,1.4430769173767604,0.8521884473712831,0.50961162549237,0.2683264421577348,0.222061932349895,0.466453145177555,0.356338066326116,0.1772087884963291,0.7779380676501049,0.7316735578422651,0.49038837450762984,0.43805415465447406,0.4936708860759494,0.4949262352006054,0.5050737647993945,0.6680524428230199,0.6666666666666666,1.0,0.0,0.8992653032657479,0.10073469673425206,0.3319475571769801,0.40270500759342986,0.5972949924065701,0.19969074835736444,0.8003092516426356,0.08319784891349989,0.9168021510865001,0.7638000383911603,0.23619996160883971,0.5735194195290616,0.4264805804709384,0.4229453259076944,0.5770546740923056,0.21007759582267638,0.7899224041773236,0.17700554202536256,0.8229944579746374,0.05521713409524686,0.9447828659047531,0.25454057026945254,1e-09,0.7454594297305475,0.25454057026945254,0.25507105522291773,0.49038837450762973,0.50961162549237,1e-09,0.49038837450762995,0.50961162549237,0.2683264421577348,0.22206193234989513,0.7779380676501051,1e-09,0.2220619323498949,0.7779380676501051,0.15062856588061316,0.07143336646928175
