league_id,season,kickoff_utc,home_team_id,away_team_id,mu_home,mu_away,p_home,p_draw,p_away,p_home_cal,p_draw_cal,p_away_cal,p_1x,p_12,p_x2,p_btts,p_btts_cal,p_odd_total,p_even_total,p_over_1.5,p_over_1.5_cal,feat_cov,feat_zero_frac,p_over_0.5,p_under_0.5,p_under_1.5,p_over_2.5,p_under_2.5,p_over_3.5,p_under_3.5,p_over_4.5,p_under_4.5,p_home_over_0.5,p_home_under_0.5,p_away_over_0.5,p_away_under_0.5,p_home_over_1.5,p_home_under_1.5,p_away_over_1.5,p_away_under_1.5,p_home_over_2.5,p_home_under_2.5,p_away_over_2.5,p_away_under_2.5,ah_home_-2_win,ah_home_-2_push,ah_home_-2_lose,ah_home_-1.5_win,ah_home_-1.5_push,ah_home_-1.5_lose,ah_home_-1_win,ah_home_-1_push,ah_home_-1_lose,ah_home_-0.5_win,ah_home_-0.5_push,ah_home_-0.5_lose,ah_home_0_win,ah_home_0_push,ah_home_0_lose,ah_home_0.5_win,ah_home_0.5_push,ah_home_0.5_lose,ah_home_1_win,ah_home_1_push,ah_home_1_lose,ah_home_1.5_win,ah_home_1.5_push,ah_home_1.5_lose,ah_home_2_win,ah_home_2_push,ah_home_2_lose
61,2025,2025-09-19 18:45:00+00:00,80,77,1.2281330081737136,0.9906907235948791,0.41581722874593136,0.28715447646787723,0.29702829478619147,0.48199744531374744,0.2790994730959604,0.2389030815902922,0.7029717052138086,0.7128455235321228,0.5841827712540687,0.44457800250323093,0.46,0.4940881339738829,0.5059118660261172,0.6499949346675784,0.7878787878787878,1.0,0.4909090909090909,0.8912630530594812,0.10873694694051883,0.3500050653324216,0.3823292212636743,0.6176707787363257,0.18436154223621729,0.8156384577637827,0.07454769614866712,0.9254523038513329,0.7071611818100936,0.2928388181899064,0.6286798737526185,0.37132012624738153,0.34751616311590316,0.6524838368840968,0.2608164691945156,0.7391835308054844,0.12667020377374966,0.8733297962262503,0.07859703797127633,0.9214029620287236,0.06202921599271541,0.12075286081970943,0.8172179231875751,0.18278207681242487,1e-09,0.8172179231875751,0.18278207681242487,0.23303515193350646,0.5841827712540687,0.41581722874593136,1e-09,0.5841827712540686,0.41581722874593136,0.28715447646787723,0.29702829478619136,0.7029717052138084,1e-09,0.29702829478619164,0.7029717052138084,0.18798107514055049,0.10904721964564115,0.8909527803543589,1e-09,0.10904721964564112,0.8909527803543589,0.07857471486624218,0.030472504779398946
39,2025,2025-09-20 11:30:00+00:00,40,45,1.2910394217485108,1.0261234611315928,0.4253851346004632,0.27927311983510855,0.2953417455644283,0.48199744531374744,0.2790994730959604,0.2389030815902922,0.7046582544355717,0.7207268801648915,0.5746148653995369,0.46517436201489104,0.46,0.4951436655529064,0.5048563344470935,0.6730842797492848,0.7878787878787878,1.0,0.4727272727272727,0.9014471909300168,0.0985528090699832,0.32691572025071525,0.4085072489417389,0.591492751058261,0.20415122379145317,0.7958487762085469,0.08576967469843,0.91423032530157,0.7250151554822818,0.2749848445177182,0.641606397462626,0.35839360253737396,0.3699988808259728,0.6300011191740271,0.2738503135788383,0.7261496864211616,0.14082887785382187,0.8591711221461782,0.08516874075495436,0.9148312592450456,0.06809714867184842,0.12496893871584436,0.8069339126123072,0.19306608738769274,1e-09,0.8069339126123073,0.19306608738769274,0.23231904721277044,0.5746148653995369,0.4253851346004632,1e-09,0.5746148653995369,0.4253851346004632,0.27927311983510855,0.2953417455644283,0.7046582544355718,1e-09,0.29534174556442816,0.7046582544355718,0.18464813761453566,0.1106936079498925,0.8893063920501074,1e-09,0.11069360794989258,0.8893063920501074,0.07894457829468987,0.03174902965520271
39,2025,2025-09-20 14:00:00+00:00,44,65,1.151128322111071,1.35018681099901,0.31848874042940306,0.2683302746643748,0.41318098490622224,0.3905861897665176,0.25732737208147044,0.3520864381520119,0.5868190150937779,0.7316697253356252,0.681511259570597,0.5065055331957932,0.46,0.49663986627711393,0.5033601337228861,0.712972211259688,0.7878787878787878,1.0,0.45454545454545453,0.9180228634589676,0.08197713654103245,0.287027788740312,0.45652406155932573,0.5434759384406742,0.24270484899115294,0.757295151008847,0.10899754095430478,0.8910024590456952,0.6837202843835165,0.3162797156164835,0.7408081122712443,0.2591918877287557,0.31964174602751405,0.680358253972486,0.39085064394142394,0.6091493560585761,0.11009118753995198,0.889908812460048,0.1545966648663102,0.8454033351336898,0.040606202889386524,0.08852429712341758,0.8708694999871959,0.1291305000128041,1e-09,0.8708694999871959,0.1291305000128041,0.18935824041659896,0.6815112595705969,0.31848874042940306,1e-09,0.681511259570597,0.31848874042940306,0.2683302746643748,0.4131809849062222,0.5868190150937779,1e-09,0.4131809849062221,0.5868190150937779,0.22210295225432708,0.19107803265189505,0.8089219673481052,1e-09,0.19107803265189482,0.8089219673481052,0.12178750439534548,0.06929052825654934
39,2025,2025-09-20 14:00:00+00:00,39,63,1.2126115382127067,1.2682974192390848,0.3511184529941385,0.2711368539787269,0.37774469302713487,0.3905861897665176,0.25732737208147044,0.3520864381520119,0.6222553069728654,0.7288631460212733,0.6488815470058618,0.5049373957535542,0.46,0.4964998980498049,0.5035001019501952,0.7087622475176508,0.7878787878787878,1.0,0.4909090909090909,0.9163328440812243,0.08366715591877572,0.2912377524823492,0.4512803713582688,0.5487196286417312,0.23835067370952423,0.7616493262904758,0.10628587515822094,0.893714124841779,0.7025804376435999,0.2974195623564001,0.7186898021911786,0.2813101978088214,0.3419260446394609,0.658073955360539,0.3619048043040514,0.6380951956959486,0.1232592055071406,0.8767407944928594,0.13565005828196172,0.8643499417180383,0.049103772785711625,0.09977359244226569,0.8511226347720227,0.14887736522797732,1e-09,0.8511226347720227,0.14887736522797732,0.20224108776616115,0.6488815470058615,0.3511184529941385,1e-09,0.6488815470058615,0.3511184529941385,0.2711368539787269,0.37774469302713465,0.6222553069728654,1e-09,0.37774469302713465,0.6222553069728654,0.21152845869830791,0.16621623432882673,0.8337837656711731,1e-09,0.16621623432882693,0.8337837656711731,0.1091476613014587,0.05706857302736823
39,2025,2025-09-20 14:00:00+00:00,48,52,1.1549937203210436,1.111929812532547,0.3676698063874635,0.28606419436589353,0.34626599924664303,0.3905861897665176,0.25732737208147044,0.3520864381520119,0.653734000753357,0.7139358056341065,0.6323301936125365,0.45964738774507896,0.46,0.49463035562483776,0.5053696443751624,0.6614470368789893,0.7878787878787878,1.0,0.4909090909090909,0.8963694865471541,0.10363051345284591,0.3385529631210107,0.39517142210446293,0.6048285778955371,0.19396260298498502,0.806037397015015,0.07993135121484482,0.9200686487851552,0.6849404712158546,0.31505952878414545,0.6710764030763785,0.3289235969236215,0.3210486939422289,0.6789513060577711,0.3053364496109071,0.6946635503890929,0.11090233512811436,0.8890976648718857,0.10199787066427936,0.8980021293357207,0.0488960926124607,0.10389219872044993,0.8472117086670893,0.1527882913329106,1e-09,0.8472117086670894,0.1527882913329106,0.2148815150545529,0.6323301936125365,0.3676698063874635,1e-09,0.6323301936125365,0.3676698063874635,0.28606419436589353,0.346265999246643,0.6537340007533571,1e-09,0.3462659992466429,0.6537340007533571,0.20686966391896264,0.13939633532768028,0.8606036646723196,1e-09,0.13939633532768037,0.8606036646723196,0.0962893911351738,0.04310694419250656
39,2025,2025-09-20 14:00:00+00:00,51,47,1.221168351850325,1.0119350232418274,0.4088976821119564,0.2866596271516285,0.304442690736415,0.48199744531374744,0.2790994730959604,0.2389030815902922,0.6955573092635849,0.7133403728483714,0.5911023178880435,0.44879490510620523,0.46,0.4942545846869291,0.5057454153130708,0.6534266576666845,0.7878787878787878,1.0,0.4727272727272727,0.89280474450551,0.10719525549449005,0.3465733423333155,0.38614865084489614,0.6138513491551039,0.18719551113734528,0.8128044888626547,0.07612477919558412,0.9238752208044159,0.7051145425443331,0.29488545745566686,0.6364851070673821,0.36351489293261785,0.34500975447797755,0.6549902455220225,0.2686316554381363,0.7313683445618637,0.12513546920941632,0.8748645307905837,0.08250975987575451,0.9174902401242455,0.06025085955978551,0.11837780707006391,0.8213713333701506,0.1786286666298494,1e-09,0.8213713333701507,0.1786286666298494,0.23026901548210693,0.5911023178880437,0.4088976821119564,1e-09,0.5911023178880437,0.4088976821119564,0.2866596271516285,0.30444269073641517,0.6955573092635849,1e-09,0.30444269073641506,0.6955573092635849,0.19081503478265566,0.1136276559537594,0.8863723440462407,1e-09,0.11362765595375934,0.8863723440462407,0.08128763043297806,0.03234002552078129
61,2025,2025-09-20 15:00:00+00:00,83,94,1.1875868267490137,1.1481425492551454,0.36916024764225297,0.281036544149861,0.3498032082078859,0.3905861897665176,0.25732737208147044,0.3520864381520119,0.650196791792114,0.7189634558501389,0.6308397523577469,0.4745581341550051,0.46,0.4953206918539197,0.5046793081460802,0.6773018525852561,0.7878787878787878,1.0,0.4727272727272727,0.9032600936587045,0.09673990634129548,0.3226981474147439,0.41341320187219227,0.5865867981278077,0.20795571071699756,0.7920442892830024,0.08798243631393714,0.9120175636860629,0.6950436936821534,0.30495630631784665,0.6827745341315561,0.3172254658684439,0.3328816015644319,0.6671183984355681,0.31855447906007583,0.6814455209399242,0.11783213669063529,0.8821678633093647,0.10946620779990208,0.8905337922000979,0.05096267964104052,0.10501864416695832,0.8440186761920012,0.15598132380799887,1e-09,0.8440186761920011,0.15598132380799887,0.21317892383425416,0.6308397523577469,0.36916024764225297,1e-09,0.630839752357747,0.36916024764225297,0.281036544149861,0.349803208207886,0.650196791792114,1e-09,0.349803208207886,0.650196791792114,0.20609844059028457,0.14370476761760145,0.8562952323823984,1e-09,0.14370476761760165,0.8562952323823984,0.09815835862957492,0.045546408988026726
39,2025,2025-09-20 16:30:00+00:00,33,49,1.1754701512804606,1.0621799844774829,0.3844091675089426,0.2877717339802591,0.32781909851079855,0.39104976997072355,0.2576327896277708,0.3513174404015057,0.6721809014892017,0.7122282660197412,0.6155908324910577,0.45233376006585546,0.46,0.4943065951415103,0.5056934048584897,0.6545136922093847,0.7878787878787878,1.0,0.509090909090909,0.893291031055299,0.10670896894470105,0.3454863077906153,0.38736361986679924,0.6126363801332008,0.18810082131808484,0.8118991786819152,0.07663071426184206,0.9233692857381579,0.6913261621739341,0.30867383782606594,0.6542986289472201,0.34570137105277987,0.32848927932759076,0.6715107206724092,0.2871015520078422,0.7128984479921578,0.11523731654246687,0.8847626834575332,0.09208685926565237,0.9079131407343476,0.05295775828997583,0.10961203214207278,0.8374302095679513,0.16256979043204858,1e-09,0.8374302095679514,0.16256979043204858,0.22183937707689388,0.6155908324910575,0.3844091675089426,1e-09,0.6155908324910574,0.3844091675089426,0.2877717339802591,0.32781909851079827,0.6721809014892017,1e-09,0.32781909851079827,0.6721809014892017,0.2004588086251032,0.12736028988569506,0.8726397101143049,1e-09,0.12736028988569514,0.8726397101143049,0.08950169189121678,0.03785859799447837
61,2025,2025-09-20 17:00:00+00:00,106,84,1.1887978563489718,1.1317351566025413,0.37301417263410436,0.28205079559728535,0.34493503176861046,0.3905861897665176,0.25732737208147044,0.3520864381520119,0.6550649682313897,0.7179492044027148,0.6269858273658958,0.4711607681875614,0.46,0.4951762919272622,0.5048237080727379,0.6738531716700886,0.7878787878787878,1.0,0.45454545454545453,0.9017787725471781,0.09822122745282191,0.3261468283299114,0.40939873100371427,0.5906012689962857,0.20484031100740313,0.7951596889925969,0.08616916933750823,0.9138308306624918,0.6954127810889386,0.30458721891106144,0.6775267596458009,0.3224732403541991,0.33332014817556443,0.6666798518244356,0.31257245647276743,0.6874275435272326,0.11809267527161518,0.8819073247283848,0.10605664874525024,0.8939433512547498,0.05171130853971179,0.10626257602152946,0.8420261154387587,0.15797388456124123,1e-09,0.8420261154387587,0.15797388456124123,0.2150402880728632,0.6269858273658955,0.37301417263410436,1e-09,0.6269858273658957,0.37301417263410436,0.28205079559728535,0.34493503176861035,0.6550649682313898,1e-09,0.3449350317686102,0.6550649682313898,0.2047182814119803,0.14021675035662987,0.85978324964337,1e-09,0.14021675035662995,0.85978324964337,0.09630612917222348,0.04391062118440647
39,2025,2025-09-20 19:00:00+00:00,36,55,1.2846585516971825,1.0504513542995786,0.41798853910081923,0.27869484498535846,0.30331661591382214,0.48199744531374744,0.2790994730959604,0.2389030815902922,0.6966833840861777,0.7213051550146414,0.5820114608991807,0.470274916461253,0.46,0.49531488799235185,0.504685112007648,0.6771618398122435,0.7878787878787878,1.0,0.4909090909090909,0.9032001435373755,0.09679985646262446,0.32283816018775646,0.4132496987302902,0.5867503012697097,0.2078284137455356,0.7921715862544644,0.08790809437767998,0.91209190562232,0.723254904609258,0.276745095390742,0.6502201553893708,0.34977984461062916,0.36773195117473517,0.6322680488252648,0.2827934439107396,0.7172065560892604,0.1393691499472302,0.8606308500527697,0.08981150057108792,0.9101884994289121,0.06613834807423757,0.1224451748324675,0.8114164770932949,0.18858352290670508,1e-09,0.8114164770932949,0.18858352290670508,0.22940501619411427,0.5820114608991807,0.41798853910081923,1e-09,0.5820114608991808,0.41798853910081923,0.27869484498535846,0.3033166159138223,0.6966833840861777,1e-09,0.3033166159138223,0.6966833840861777,0.18758199182647015,0.11573462408735216,0.884265375912648,1e-09,0.11573462408735202,0.884265375912648,0.08186874666876005,0.03386587741859197
61,2025,2025-09-20 19:05:00+00:00,116,79,1.0792780733220542,1.1093856691995365,0.3463178847298116,0.29217556224808244,0.36150655302210616,0.3905861897665176,0.25732737208147044,0.3520864381520119,0.638493446977894,0.7078244377519178,0.6536821152701886,0.4424641283150331,0.46,0.493720558535892,0.5062794414641082,0.6426579214793599,0.7878787878787878,1.0,0.4909090909090909,0.8879335962098562,0.11206640379014376,0.35734207852064015,0.3742449333764244,0.6257550666235756,0.17842300834849065,0.8215769916515093,0.07127592152340352,0.9287240784765964,0.6601592154167085,0.3398407845832915,0.6702385091081808,0.32976149089181916,0.2933765081947183,0.7066234918052817,0.30440583685826356,0.6955941631417364,0.09544624140515334,0.9045537585948467,0.1014810748983832,0.8985189251016168,0.04143055066873255,0.09554582341947718,0.8630236259117903,0.13697637408820976,1e-09,0.8630236259117903,0.13697637408820976,0.2093415106416019,0.6536821152701884,0.3463178847298116,1e-09,0.6536821152701884,0.3463178847298116,0.29217556224808244,0.36150655302210594,0.6384934469778939,1e-09,0.3615065530221061,0.6384934469778939,0.2151813120408585,0.1463252409812476,0.8536747590187524,1e-09,0.14632524098124755,0.8536747590187524,0.10095087846290712,0.04537436251834043
39,2025,2025-09-21 13:00:00+00:00,35,34,1.1010639889295972,1.0654145690679349,0.36205753221237297,0.29394619356349666,0.3439962742241304,0.3905861897665176,0.25732737208147044,0.3520864381520119,0.6560037257758696,0.7060538064365034,0.6379424677876271,0.4374783136192291,0.46,0.4934356639965944,0.5065643360034056,0.6371836178994887,0.7878787878787878,1.0,0.4909090909090909,0.8854195992630609,0.11458040073693909,0.36281638210051126,0.36828465242529873,0.6317153475747013,0.17409670476910336,0.8259032952308967,0.06892069856419827,0.9310793014358018,0.6674828903126124,0.33251710968738757,0.6554150225696777,0.34458497743032235,0.301360275132212,0.698639724867788,0.2882891673327775,0.7117108326672226,0.09979806157791188,0.9002019384220881,0.09271854990695082,0.9072814500930492,0.04500587174196575,0.100924121942581,0.8540700063154532,0.14592999368454673,1e-09,0.8540700063154533,0.14592999368454673,0.2161275385278262,0.6379424677876271,0.36205753221237297,1e-09,0.6379424677876271,0.36205753221237297,0.29394619356349666,0.3439962742241304,0.6560037257758695,1e-09,0.3439962742241305,0.6560037257758695,0.20912992400032776,0.13486635022380272,0.8651336497761973,1e-09,0.13486635022380267,0.8651336497761973,0.09449462900479175,0.04037172121901092
61,2025,2025-09-21 13:00:00+00:00,114,95,1.0586909047735773,1.247762176933206,0.31263215066248007,0.28159472745222575,0.4057731218852942,0.3905861897665176,0.25732737208147044,0.3520864381520119,0.5942268781147058,0.7184052725477743,0.6873678493375199,0.46555761385512073,0.46,0.49503852502753304,0.504961474972467,0.6706311178602548,0.7878787878787878,1.0,0.4909090909090909,0.9003860408720736,0.09961395912792637,0.32936888213974524,0.4056716427509682,0.5943283572490319,0.20196611011956328,0.7980338898804367,0.08450679674472246,0.9154932032552775,0.6530903428397321,0.3469096571602679,0.7128533118874623,0.28714668811253774,0.2858202440253426,0.7141797559746574,0.35456253522842746,0.6454374647715726,0.09140748741993185,0.9085925125800681,0.13103169549848606,0.868968304501514,0.03553135389863977,0.08484337796143754,0.8796252681399226,0.1203747318600773,1e-09,0.8796252681399227,0.1203747318600773,0.19225741880240282,0.6873678493375199,0.31263215066248007,1e-09,0.6873678493375199,0.31263215066248007,0.28159472745222575,0.4057731218852942,0.5942268781147059,1e-09,0.40577312188529413,0.5942268781147059,0.22659261011382414,0.17918051177146999,0.82081948822853,1e-09,0.17918051177146999,0.82081948822853,0.11785369975533477,0.06132681201613521
39,2025,2025-09-21 13:00:00+00:00,746,66,1.2939909624796029,1.05767154736167,0.4189286056744593,0.277495939654898,0.30357545467064273,0.48199744531374744,0.2790994730959604,0.2389030815902922,0.6964245453293573,0.7225040603451021,0.5810713943255408,0.47377288064803796,0.46,0.49546744973351164,0.5045325502664884,0.6808856788449238,0.7878787878787878,1.0,0.4909090909090909,0.9047892440787546,0.0952107559212454,0.3191143211550762,0.41761286875450443,0.5823871312454956,0.21123660297077965,0.7887633970292204,0.08990477117938885,0.9100952288206111,0.7258255870541008,0.27417441294589917,0.6527365376726919,0.3472634623273081,0.37104637455840817,0.6289536254415918,0.2854458541301024,0.7145541458698976,0.14150582723552493,0.858494172764475,0.09120940133272702,0.908790598667273,0.06693909383083711,0.12289814507822315,0.8101627610909398,0.1898372389090603,1e-09,0.8101627610909397,0.1898372389090603,0.229091366765399,0.5810713943255407,0.4189286056744593,1e-09,0.5810713943255408,0.4189286056744593,0.277495939654898,0.3035754546706428,0.6964245453293574,1e-09,0.3035754546706426,0.6964245453293574,0.1872527918662497,0.1163226628043929,0.883677337195607,1e-09,0.11632266280439296,0.883677337195607,0.08210781303414302,0.03421484977024994
61,2025,2025-09-21 15:15:00+00:00,91,112,1.3899218230628365,1.0215455111762206,0.45361889047541903,0.2700250104957938,0.27635609902878705,0.48199744531374744,0.2790994730959604,0.2389030815902922,0.7236439009712128,0.729974989504206,0.5463811095245809,0.4805507123254248,0.46,0.4959784107701026,0.5040215892298973,0.6940472363510982,0.7878787878787878,1.0,0.4727272727272727,0.910316373081448,0.08968362691855203,0.3059527636489018,0.43328425703613305,0.566715742963867,0.2236771215035171,0.7763228784964828,0.09731193141320142,0.9026880685867986,0.7509051569914421,0.2490948430085579,0.6399619284154308,0.36003807158456924,0.40468279868093826,0.5953172013190617,0.27216665253495115,0.7278333474650489,0.16407179295656693,0.8359282070434331,0.08430684598082158,0.9156931540191784,0.08122762542945117,0.13563798931593032,0.7831343852546185,0.21686561474538146,1e-09,0.7831343852546185,0.21686561474538146,0.23675327573003763,0.546381109524581,0.45361889047541903,1e-09,0.546381109524581,0.45361889047541903,0.2700250104957938,0.27635609902878716,0.723643900971213,1e-09,0.276356099028787,0.723643900971213,0.17400564698336624,0.10235045204542076,0.8976495479545792,1e-09,0.10235045204542081,0.8976495479545792,0.07326828653533914,0.02908216551008168
61,2025,2025-09-21 15:15:00+00:00,111,97,1.3160086298423204,1.054504481754509,0.4257458486026651,0.2756489316689762,0.29860521972835846,0.48199744531374744,0.2790994730959604,0.2389030815902922,0.7013947802716414,0.7243510683310236,0.5742541513973347,0.47686406685020605,0.46,0.4956351497137586,0.5043648502862412,0.6850835610377088,0.7878787878787878,1.0,0.45454545454545453,0.9065672114199526,0.09343278858004744,0.31491643896229116,0.42256861241967547,0.5774313875803245,0.21513690318961418,0.7848630968103858,0.09220700656667881,0.9077929934333212,0.7317962900022832,0.2682037099977168,0.6516349882678754,0.34836501173212464,0.3788378930890246,0.6211621069109754,0.284282522109191,0.715717477890809,0.14658974493209193,0.8534102550679081,0.09059511113487145,0.9094048888651285,0.06982771773587375,0.12546201332763582,0.8047102689364904,0.19528973106350958,1e-09,0.8047102689364904,0.19528973106350958,0.2304561175391556,0.5742541513973348,0.4257458486026651,1e-09,0.5742541513973349,0.4257458486026651,0.2756489316689762,0.29860521972835874,0.7013947802716414,1e-09,0.29860521972835863,0.7013947802716414,0.18466216959530637,0.11394305013305225,0.8860569498669477,1e-09,0.11394305013305228,0.8860569498669477,0.08055483971497225,0.03338821041808003
61,2025,2025-09-21 15:15:00+00:00,108,96,1.3077616796921434,1.0530506420711425,0.42380410710750477,0.2764661197142985,0.2997297731781968,0.48199744531374744,0.2790994730959604,0.2389030815902922,0.7002702268218033,0.7235338802857016,0.5761958928924953,0.4750470073663585,0.46,0.49554963849114375,0.5044503615088564,0.6829289673199124,0.7878787878787878,1.0,0.4909090909090909,0.9056564299569266,0.09434357004307337,0.3170710326800876,0.4200200982253278,0.5799799017746722,0.21312726567188867,0.7868727343281113,0.09101847857748696,0.908981521422513,0.7295752841907919,0.2704247158092081,0.6511281531324928,0.34887184686750716,0.3759242036133307,0.6240757963866693,0.2837484307874217,0.7162515692125784,0.1446785380325158,0.8553214619674843,0.0903137045373566,0.9096862954626435,0.06886793780478301,0.12470400987547745,0.8064280523197396,0.1935719476802604,1e-09,0.8064280523197396,0.1935719476802604,0.23023215942724432,0.5761958928924953,0.42380410710750477,1e-09,0.5761958928924953,0.42380410710750477,0.2764661197142985,0.29972977317819677,0.7002702268218032,1e-09,0.2997297731781968,0.7002702268218032,0.18539014185474814,0.11433963132344868,0.8856603686765513,1e-09,0.11433963132344871,0.8856603686765513,0.08085776228449687,0.03348186903895184
39,2025,2025-09-21 15:30:00+00:00,42,50,1.1751169715283698,0.9574787595753554,0.40815514754526794,0.29444060684191387,0.2974042456128182,0.4787000562718815,0.2808761043805968,0.2404238393475217,0.7025957543871818,0.7055593931580861,0.5918448524547321,0.42588688511070766,0.46,0.49297540778075855,0.5070245922192417,0.6286958370898674,0.7878787878787878,1.0,0.45454545454545453,0.8814707690420456,0.11852923095795442,0.3713041629101326,0.35916246668387125,0.6408375333161287,0.1675605616442475,0.8324394383557525,0.06540821045430623,0.9345917895456938,0.691217125617445,0.30878287438255503,0.6161405285353082,0.3838594714646918,0.3283611294125742,0.6716388705874258,0.24860323794527603,0.7513967620547239,0.11516200973162272,0.8848379902683773,0.07264866339899292,0.9273513366010071,0.05716999910731114,0.1171883553020807,0.8256416455906082,0.17435835440939182,1e-09,0.8256416455906082,0.17435835440939182,0.23379679313587598,0.5918448524547322,0.40815514754526794,1e-09,0.5918448524547321,0.40815514754526794,0.29444060684191387,0.2974042456128182,0.7025957543871817,1e-09,0.2974042456128183,0.7025957543871817,0.1904963241176995,0.1069079214951188,0.8930920785048813,1e-09,0.10690792149511874,0.8930920785048813,0.07780017232768952,0.029107749167429225
61,2025,2025-09-21 18:45:00+00:00,81,85,1.1070622063681337,1.085773837425515,0.3594332787276762,0.29186461387272544,0.34870210739959834,0.3905861897665176,0.25732737208147044,0.3520864381520119,0.6512978926004016,0.7081353861272746,0.6405667212723238,0.44343081934212986,0.46,0.49377273991603904,0.5062272600839609,0.6436801260190581,0.7878787878787878,1.0,0.4727272727272727,0.8884001968490218,0.11159980315097817,0.3563198739809419,0.3753646300408621,0.6246353699591378,0.17924066647740075,0.8207593335225992,0.07172374238876095,0.9282762576112391,0.6694714299409996,0.3305285700590004,0.6623595862501521,0.3376404137498479,0.30355574190311746,0.6964442580968826,0.29575845854236604,0.704241541457634,0.10101002743078576,0.8989899725692142,0.09673550192409726,0.9032644980759027,0.04492006261006414,0.10025279893429936,0.8548271384556365,0.14517286154436349,1e-09,0.8548271384556365,0.14517286154436349,0.2142604171833127,0.6405667212723238,0.3594332787276762,1e-09,0.6405667212723238,0.3594332787276762,0.29186461387272544,0.3487021073995984,0.6512978926004018,1e-09,0.34870210739959817,0.6512978926004018,0.210140273993024,0.13856183340657416,0.8614381665934258,1e-09,0.13856183340657424,0.8614381665934258,0.09643422673659427,0.04212760666997997
61,2025,2025-09-26 18:45:00+00:00,95,81,1.258616395948661,1.0266430140333709,0.41616074279063975,0.2823081356745298,0.30153112153483014,0.48199744531374744,0.2790994730959604,0.2389030815902922,0.6984688784651696,0.7176918643254699,0.5838392572093599,0.459493437996997,0.46,0.4948237001892979,0.5051762998107021,0.6657324906333049,0.7878787878787878,1.0,0.4909090909090909,0.8982523241997746,0.10174767580022537,0.33426750936669514,0.40004842180035555,0.5999515781996445,0.19766274900575292,0.802337250994247,0.08203680820566624,0.9179631917943337,0.7159532086849623,0.28404679131503774,0.6417925535118092,0.3582074464881908,0.35844725991868015,0.6415527400813199,0.27404138099925923,0.7259586190007408,0.13346583553511038,0.8665341644648896,0.08526679491759638,0.9147332050824036,0.06407803562079444,0.12141798581045479,0.8145039785687508,0.18549602143124924,1e-09,0.8145039785687508,0.18549602143124924,0.23066472135939065,0.5838392572093601,0.41616074279063975,1e-09,0.5838392572093603,0.41616074279063975,0.2823081356745298,0.30153112153483047,0.6984688784651697,1e-09,0.3015311215348303,0.6984688784651697,0.1881513108599886,0.11337981067484171,0.8866201893251583,1e-09,0.11337981067484171,0.8866201893251583,0.0807858254210273,0.032593985253814406
39,2025,2025-09-27 11:30:00+00:00,55,33,1.1959705025416845,1.24785733446763,0.3507298362076436,0.2735682180776462,0.3757019457147104,0.3905861897665176,0.25732737208147044,0.3520864381520119,0.6242980542852898,0.726431781922354,0.6492701637923566,0.49729815965284163,0.46,0.4962304560818825,0.5037695439181179,0.7009797819968351,0.7878787878787878,1.0,0.509090909090909,0.9131721351486995,0.08682786485130045,0.2990202180031649,0.44169899228001724,0.5583010077199828,0.23048645510913038,0.7695135448908696,0.10144468564300056,0.8985553143569994,0.697589660063013,0.30241033993698696,0.7128806347385283,0.28711936526147175,0.33591581383416785,0.6640841861658322,0.3545966289287358,0.6454033710712642,0.11964018801855841,0.8803598119814415,0.1310529666922813,0.8689470333077187,0.04817776997615079,0.09936140512001392,0.8524608249038353,0.14753917509616468,1e-09,0.8524608249038353,0.14753917509616468,0.2031906611114788,0.6492701637923566,0.3507298362076436,1e-09,0.6492701637923564,0.3507298362076436,0.2735682180776462,0.37570194571471016,0.6242980542852897,1e-09,0.3757019457147103,0.6242980542852897,0.21200602876444208,0.1636959169502682,0.8363040830497318,1e-09,0.1636959169502682,0.8363040830497318,0.10816995767518461,0.05552595927508358
39,2025,2025-09-27 14:00:00+00:00,49,51,1.2309976307885213,1.0930518377963874,0.3933507022386879,0.2810859392635919,0.3255633584977203,0.39104976997072355,0.2576327896277708,0.3513174404015057,0.6744366415022798,0.7189140607364082,0.6066492977613122,0.470683310459846,0.46,0.49521009674968547,0.5047899032503146,0.6746538559440048,0.7878787878787878,1.0,0.4727272727272727,0.9021235552808113,0.09787644471918866,0.32534614405599516,0.4103284390122426,0.5896715609877574,0.20555999076066586,0.7944400092393341,0.08658698992492289,0.9134130100750771,0.7079988535984291,0.29200114640157093,0.6648080121422283,0.3351919878577717,0.348546134189979,0.6514538658100211,0.2984257937989961,0.701574206201004,0.12730341120347294,0.872696588796527,0.09818841525063607,0.901811584749364,0.057900193694193684,0.11354549235300786,0.8285543139527985,0.17144568604720153,1e-09,0.8285543139527984,0.17144568604720153,0.2219050161914864,0.606649297761312,0.3933507022386879,1e-09,0.606649297761312,0.3933507022386879,0.2810859392635919,0.32556335849772017,0.6744366415022797,1e-09,0.32556335849772033,0.6744366415022797,0.19703830429713928,0.12852505420058105,0.8714749457994191,1e-09,0.1285250542005809,0.8714749457994191,0.08952348521019966,0.03900156899038125
39,2025,2025-09-27 14:00:00+00:00,63,35,1.2293232755448726,1.1478033799089076,0.38089727069845913,0.2779020997118067,0.3412006295897342,0.3905861897665176,0.25732737208147044,0.3520864381520119,0.6587993704102658,0.7220979002881933,0.6191027293015409,0.4829933541681694,0.46,0.4956925073334595,0.5043074926665406,0.6865455706483294,0.7878787878787878,1.0,0.4727272727272727,0.9071830993234198,0.09281690067658022,0.31345442935167056,0.4243038953445133,0.5756961046554867,0.21651000316567254,0.7834899968343274,0.09302190318073471,0.9069780968192653,0.7075095307247096,0.29249046927529043,0.6826669227668798,0.3173330772331202,0.34794418896896734,0.6520558110310326,0.3184309441611752,0.6815690558388248,0.12693316711881755,0.8730668328811825,0.10939530049678277,0.8906046995032172,0.05545317551769291,0.10951998748353171,0.8350268369987753,0.1649731630012246,1e-09,0.8350268369987754,0.1649731630012246,0.2159241076972345,0.619102729301541,0.38089727069845913,1e-09,0.6191027293015409,0.38089727069845913,0.2779020997118067,0.3412006295897342,0.6587993704102659,1e-09,0.3412006295897341,0.6587993704102659,0.20160557076320354,0.13959505882653053,0.8604049411734694,1e-09,0.13959505882653056,0.8604049411734694,0.09547643073600581,0.04411862809052475
39,2025,2025-09-27 14:00:00+00:00,52,40,1.1564827051765292,1.1723597097559282,0.3553049618224014,0.28158824024283247,0.36310679793476625,0.3905861897665176,0.25732737208147044,0.3520864381520119,0.6368932020652338,0.7184117597571676,0.6446950381775987,0.47318224617018695,0.46,0.4952557937160159,0.5047442062839841,0.6757426220021009,0.7878787878787878,1.0,0.4727272727272727,0.9025915505813202,0.09740844941867977,0.3242573779978991,0.41159491867314174,0.5884050813268582,0.20654212689965593,0.7934578731003441,0.08715821720381947,0.9128417827961806,0.685409240827829,0.31459075917217105,0.6903645559236782,0.3096354440763218,0.3215904686362292,0.6784095313637708,0.32736043657559427,0.6726395634244058,0.11121540970679297,0.888784590293207,0.11457473457566822,0.8854252654243318,0.046896811981940296,0.10004530644596928,0.8530578815720904,0.14694211842790958,1e-09,0.8530578815720904,0.14694211842790958,0.20836284339449185,0.6446950381775985,0.3553049618224014,1e-09,0.6446950381775987,0.3553049618224014,0.28158824024283247,0.3631067979347662,0.6368932020652337,1e-09,0.3631067979347663,0.6368932020652337,0.21122339444634963,0.15188340348841667,0.8481165965115833,1e-09,0.15188340348841667,0.8481165965115833,0.10281114678430715,0.049072256704109515
39,2025,2025-09-27 14:00:00+00:00,50,44,1.5521287801401256,0.9931929718314233,0.5030093189274734,0.2547880557703954,0.24220262530213107,0.48739569996909626,0.2761908966491545,0.23641340338174913,0.7577973746978688,0.7452119442296045,0.49699068107252653,0.4962589278946615,0.46,0.4969229276596373,0.5030770723403627,0.7218770670575254,0.7878787878787878,1.0,0.4909090909090909,0.9215521319644251,0.07844786803557491,0.2781229329424746,0.46775842404031637,0.5322415759596837,0.2521538541556153,0.7478461458443847,0.11495810376738054,0.8850418962326194,0.7882032125571177,0.21179678744288233,0.6296078473019687,0.3703921526980313,0.45946732322537576,0.5405326767746242,0.2617369644200319,0.7382630355799681,0.20434710577666898,0.795652894223331,0.07905357670978394,0.920946423290216,0.10650101704637444,0.15343372447639497,0.7400652584772305,0.2599347415227694,1e-09,0.7400652584772306,0.2599347415227694,0.24307457740470406,0.49699068107252653,0.5030093189274734,1e-09,0.49699068107252664,0.5030093189274734,0.2547880557703954,0.2422026253021312,0.757797374697869,1e-09,0.242202625302131,0.757797374697869,0.15554119284324952,0.08666143245888147,0.9133385675411184,1e-09,0.08666143245888158,0.9133385675411184,0.06282501471652373,0.023836417742357854
61,2025,2025-09-27 15:00:00+00:00,97,91,1.2430968656048909,1.2125175736452884,0.3709098519722981,0.27286811395141897,0.356222034076283,0.3905861897665176,0.25732737208147044,0.3520864381520119,0.643777965923717,0.7271318860485811,0.629090148027702,0.49987351125464075,0.46,0.4963182769044305,0.5036817230955698,0.7034721097528991,0.7878787878787878,1.0,0.509090909090909,0.9141895325824395,0.08581046741756049,0.2965278902471009,0.4447517367016998,0.5552482632983002,0.23297924210381438,0.7670207578961856,0.10297134321092953,0.8970286567890705,0.7115105543913075,0.2884894456086925,0.7025524894457731,0.2974475105542269,0.3528902287944717,0.6471097712055283,0.341892155661135,0.658107844338865,0.12999032744829714,0.8700096725517028,0.12323865924544976,0.8767613407545503,0.05435434548390375,0.10656055543720373,0.8390850990788925,0.1609149009211075,1e-09,0.8390850990788925,0.1609149009211075,0.20999495105119068,0.6290901480277018,0.3709098519722981,1e-09,0.6290901480277019,0.3709098519722981,0.27286811395141897,0.35622203407628295,0.6437779659237173,1e-09,0.3562220340762827,0.6437779659237173,0.20482922575985799,0.15139280831642474,0.8486071916835755,1e-09,0.15139280831642454,0.8486071916835755,0.10138241128301026,0.05001039703341428
39,2025,2025-09-27 16:30:00+00:00,65,746,1.1838889225687015,1.224196471585641,0.3522368023680266,0.2760027481854773,0.371760449446496,0.3905861897665176,0.25732737208147044,0.3520864381520119,0.6282395505535039,0.7239972518145226,0.6477631976319733,0.48990747914173455,0.46,0.49595112675116976,0.5040488732488302,0.6933151476644265,0.7878787878787878,1.0,0.45454545454545453,0.9100125680942651,0.08998743190573488,0.3066848523355735,0.4324022011201111,0.5675977988798889,0.22296864921341317,0.7770313507865868,0.0968851798650818,0.9031148201349182,0.6939139073714891,0.30608609262851094,0.7060061398645106,0.29399386013548945,0.3315419729556453,0.6684580270443548,0.3460998936182139,0.6539001063817861,0.11703791345292816,0.8829620865470719,0.12580191523967946,0.8741980847603206,0.0478135407210768,0.09961501343106485,0.8525714458478584,0.14742855415214162,1e-09,0.8525714458478584,0.14742855415214162,0.204808248215885,0.6477631976319733,0.3522368023680266,1e-09,0.6477631976319733,0.3522368023680266,0.2760027481854773,0.371760449446496,0.628239550553504,1e-09,0.371760449446496,0.628239550553504,0.2117812997806523,0.1599791496658437,0.8400208503341562,1e-09,0.1599791496658438,0.8400208503341562,0.10651361651579175,0.053465533150052064
61,2025,2025-09-27 17:00:00+00:00,96,83,1.3659032526116301,1.0920238747293785,0.43073230862745504,0.26960392977431935,0.29966376159822566,0.48199744531374744,0.2790994730959604,0.2389030815902922,0.7003362384017744,0.7303960702256806,0.569267691372545,0.49492535799126075,0.46,0.49633526147075924,0.5036647385292408,0.703959072955409,0.7878787878787878,1.0,0.45454545454545453,0.914387748456671,0.08561225154332897,0.29604092704459095,0.44534989801261815,0.5546501019873818,0.23346906252191796,0.766530937478082,0.10327214919261533,0.8967278508073847,0.7448498363730778,0.2551501636269222,0.6644632700748537,0.33553672992514627,0.396339397970165,0.603660602029835,0.2980491501472995,0.7019508498527005,0.15832362727799454,0.8416763727220055,0.09798266664751158,0.9020173333524885,0.07423624768361764,0.1277584071091847,0.7980053452071977,0.20199465479280232,1e-09,0.7980053452071977,0.20199465479280232,0.2287376538346527,0.569267691372545,0.43073230862745504,1e-09,0.569267691372545,0.43073230862745504,0.26960392977431935,0.2996637615982256,0.7003362384017743,1e-09,0.2996637615982257,0.7003362384017743,0.18287311239611856,0.11679064920210716,0.8832093507978929,1e-09,0.11679064920210713,0.8832093507978929,0.0816608463482562,0.035129802853850936
39,2025,2025-09-27 19:00:00+00:00,47,39,1.3093795821702408,1.1083860639659826,0.41166773602347767,0.2736841778085775,0.314648086167945,0.48199744531374744,0.2790994730959604,0.2389030815902922,0.6853519138320552,0.7263158221914227,0.5883322639765225,0.489041701435842,0.46,0.4960287582929932,0.5039712417070068,0.6954068883163513,0.7878787878787878,1.0,0.4909090909090909,0.9108794624266261,0.0891205375733739,0.30459311168364867,0.4349257946318654,0.5650742053681346,0.2249983813721009,0.7750016186278991,0.0981095593814405,0.9018904406185595,0.7300124507875775,0.2699875492124225,0.6699087130748902,0.3300912869251098,0.3764962664081087,0.6235037335918914,0.304040130809842,0.6959598691901581,0.1450528295111517,0.8549471704888483,0.10127831189669047,0.8987216881033095,0.06639891041207434,0.12075029108992258,0.8128507984980031,0.1871492015019969,1e-09,0.8128507984980031,0.1871492015019969,0.2245185345214807,0.5883322639765224,0.41166773602347767,1e-09,0.5883322639765223,0.41166773602347767,0.2736841778085775,0.31464808616794476,0.6853519138320552,1e-09,0.3146480861679448,0.6853519138320552,0.1900542960607691,0.12459379010717572,0.8754062098928242,1e-09,0.12459379010717575,0.8754062098928242,0.08652451442869104,0.03806927567848471
61,2025,2025-09-27 19:05:00+00:00,85,108,1.3629277382073162,1.002015619204268,0.45091982563144023,0.27332117610872625,0.2757589982598335,0.48199744531374744,0.2790994730959604,0.2389030815902922,0.7242410017401665,0.7266788238912738,0.5490801743685598,0.4709054605641063,0.46,0.4955862515207043,0.5044137484792957,0.6838479465480551,0.7878787878787878,1.0,0.509090909090909,0.9060453565272044,0.09395464347279558,0.31615205345194486,0.42110580216561483,0.5788941978343851,0.21398237247551583,0.7860176275244841,0.09152357767280465,0.9084764223271954,0.7440895039540565,0.2559104960459435,0.6328613131372546,0.3671386868627454,0.395301990394134,0.6046980096058661,0.2649826144859044,0.7350173855140956,0.157615901908196,0.842384098091804,0.08067251347494006,0.9193274865250599,0.07867376030558887,0.1344237202762134,0.7869025194181977,0.21309748058180228,1e-09,0.7869025194181978,0.21309748058180228,0.23782234504963792,0.5490801743685598,0.45091982563144023,1e-09,0.5490801743685598,0.45091982563144023,0.27332117610872625,0.2757589982598336,0.7242410017401665,1e-09,0.2757589982598335,0.7242410017401665,0.1748454431260087,0.10091355513382483,0.8990864448661752,1e-09,0.10091355513382483,0.8990864448661752,0.07265729621476943,0.028256258919055394
39,2025,2025-09-28 13:00:00+00:00,66,36,1.28490824908029,1.194867086938832,0.3860257062440853,0.2710009103606045,0.34297338339530997,0.3905861897665176,0.25732737208147044,0.3520864381520119,0.6570266166046898,0.7289990896393952,0.6139742937559145,0.504341847246938,0.46,0.4964919531505178,0.5035080468494821,0.7085268598690639,0.7878787878787878,1.0,0.4727272727272727,0.9162379429747279,0.08376205702527206,0.29147314013093606,0.4509884494171505,0.5490115505828495,0.23810931664476573,0.7618906833552342,0.1061362108940055,0.8938637891059945,0.7233239984441653,0.2766760015558347,0.6972557917775006,0.30274420822249937,0.3678207217219689,0.6321792782780311,0.33551670161047414,0.6644832983895259,0.1394261753039017,0.8605738246960983,0.11940163516022327,0.8805983648397767,0.059651933718126736,0.11206373044961275,0.8282843358322606,0.1717156641677395,1e-09,0.8282843358322605,0.1717156641677395,0.2143100420763459,0.6139742937559145,0.3860257062440853,1e-09,0.6139742937559147,0.3860257062440853,0.2710009103606045,0.34297338339531025,0.6570266166046899,1e-09,0.34297338339531014,0.6570266166046899,0.19929206296310098,0.14368132043220916,0.856318679567791,1e-09,0.14368132043220905,0.856318679567791,0.09690809086640577,0.04677322956580328
61,2025,2025-09-28 13:00:00+00:00,84,114,1.2992589164564352,1.1239287674091,0.40542439404735114,0.2737379439596415,0.3208376619930075,0.4692053623469983,0.2859918399067418,0.24480279774625996,0.6791623380069927,0.7262620560403587,0.594575605952649,0.49090431327053863,0.46,0.4960715905295027,0.5039284094704973,0.6965733344489686,0.7878787878787878,1.0,0.4727272727272727,0.9113613702862422,0.0886386297137578,0.30342666555103137,0.43633747290738994,0.5636625270926101,0.22613736137784318,0.7738626386221568,0.09879878102621806,0.9012012189737819,0.7272661261068346,0.2727338738931654,0.6749995574499461,0.3250004425500539,0.37291420863088875,0.6270857913691112,0.3097222106466019,0.6902777893533981,0.14271676445850554,0.8572832355414944,0.10444935156866196,0.895550648431338,0.06446168883793002,0.1185661695791687,0.8169721415829013,0.18302785841709873,1e-09,0.8169721415829012,0.18302785841709873,0.22239653563025247,0.5945756059526488,0.40542439404735114,1e-09,0.5945756059526488,0.40542439404735114,0.2737379439596415,0.3208376619930073,0.6791623380069925,1e-09,0.32083766199300745,0.6791623380069925,0.19238495191452848,0.12845271007847897,0.8715472899215212,1e-09,0.1284527100784788,0.8715472899215212,0.08872519293335906,0.03972751714511974
61,2025,2025-09-28 15:15:00+00:00,79,80,1.318792097276099,0.9948472987787977,0.4404561428789205,0.2779591314688512,0.2815847256522284,0.48199744531374744,0.2790994730959604,0.2389030815902922,0.7184152743477716,0.7220408685311489,0.5595438571210796,0.461662551483656,0.46,0.4951093202477917,0.5048906797522084,0.6722788314209494,0.7878787878787878,1.0,0.4727272727272727,0.9010993263271115,0.09890067367288846,0.32772116857905065,0.4075747756007841,0.5924252243992159,0.20343153165343872,0.7965684683465613,0.08535306874444844,0.9146469312555515,0.7325417874130578,0.26745821258694225,0.6302200903977094,0.36977990960229057,0.37982001030127294,0.620179989698727,0.26234554618646333,0.7376544538135367,0.14723666420481837,0.8527633357951816,0.07935604788707565,0.9206439521129244,0.07321415207588308,0.13035587109659205,0.7964299768275248,0.20357002317247516,1e-09,0.7964299768275248,0.20357002317247516,0.23688611970644535,0.5595438571210795,0.4404561428789205,1e-09,0.5595438571210796,0.4404561428789205,0.2779591314688512,0.28158472565222836,0.7184152743477715,1e-09,0.2815847256522285,0.7184152743477715,0.17869800463239197,0.10288672101983651,0.8971132789801634,1e-09,0.10288672101983665,0.8971132789801634,0.07418067387759372,0.028706047142242924
61,2025,2025-09-28 15:15:00+00:00,77,106,1.26236180274338,1.1640835980821331,0.3865033833797377,0.2744237121912905,0.3390729044289718,0.39104976997072355,0.2576327896277708,0.3513174404015057,0.6609270955710282,0.7255762878087095,0.6134966166202623,0.4931567730675376,0.46,0.4960971038790531,0.5039028961209469,0.6972723899697687,0.7878787878787878,1.0,0.4909090909090909,0.9116496617873671,0.08835033821263294,0.3027276100302313,0.4371850173478,0.5628149826522,0.22682241431036104,0.773177585689639,0.09921407164865662,0.9007859283513434,0.7170150887993086,0.28298491120069136,0.687791346055596,0.312208653944404,0.3597857461462627,0.6402142538537373,0.3243543728189904,0.6756456271810096,0.1343094076537396,0.8656905923462603,0.11281886307795298,0.887181136922047,0.05843768582123881,0.11187172083711651,0.8296905933416447,0.1703094066583553,1e-09,0.8296905933416447,0.1703094066583553,0.21619397672138238,0.6134966166202623,0.3865033833797377,1e-09,0.6134966166202622,0.3865033833797377,0.2744237121912905,0.3390729044289717,0.6609270955710281,1e-09,0.33907290442897187,0.6609270955710281,0.19936270390834132,0.13971020052063055,0.8602897994793696,1e-09,0.13971020052063043,0.8602897994793696,0.09513076054518171,0.04457943997544872
61,2025,2025-09-28 15:15:00+00:00,112,111,1.1553726632162782,1.3130369898391194,0.32674410558271094,0.2710317057264748,0.40222418869081417,0.3905861897665176,0.25732737208147044,0.3520864381520119,0.5977758113091858,0.7289682942735252,0.673255894417289,0.5007774405075233,0.46,0.4964112964146764,0.5035887035853235,0.7061580624216861,0.7878787878787878,1.0,0.4909090909090909,0.9152804982769861,0.0847195017230139,0.2938419375783139,0.44805814275355194,0.5519418572464481,0.23569269836602533,0.7643073016339746,0.10464147014039765,0.8953585298596023,0.6850598381239666,0.31494016187603335,0.7309981006605427,0.2690018993394573,0.32118658454285853,0.6788134154571415,0.377788656490318,0.622211343509682,0.1109819795109061,0.8890180204890938,0.1459001238119547,0.8540998761880453,0.04213367271878943,0.09114638756170601,0.8667199397195046,0.13328006028049547,1e-09,0.8667199397195046,0.13328006028049547,0.1934640453022155,0.6732558944172891,0.32674410558271094,1e-09,0.6732558944172891,0.32674410558271094,0.2710317057264748,0.4022241886908143,0.5977758113091856,1e-09,0.40222418869081444,0.5977758113091856,0.21986451278719737,0.18235967590361707,0.817640324096383,1e-09,0.182359675903617,0.817640324096383,0.11771971640028565,0.06463995950333136
39,2025,2025-09-28 15:30:00+00:00,34,42,1.1873038884986244,1.0128824316974796,0.3989190383902539,0.2898386559982676,0.3112423056114787,0.44989069151996314,0.2963985732366816,0.25371073524335513,0.6887576943885214,0.7101613440017326,0.6010809616097463,0.4425692616221129,0.46,0.4938636132465462,0.5061363867534536,0.645475285730247,0.7878787878787878,1.0,0.4727272727272727,0.8892174771099558,0.1107825228900442,0.35452471426975296,0.37733616816576465,0.6226638318342353,0.1806841620404803,0.8193158379595197,0.07251639861125511,0.9274836013887449,0.6949573977111851,0.30504260228881486,0.6368293410208835,0.3631706589791165,0.3327791298553257,0.6672208701446742,0.26898016083221354,0.7310198391677865,0.11777129697748434,0.8822287030225157,0.08268617476813342,0.9173138252318666,0.05626736164183865,0.11448821078893767,0.8292444275692237,0.1707555724307763,1e-09,0.8292444275692237,0.1707555724307763,0.22816346595947762,0.6010809616097461,0.3989190383902539,1e-09,0.6010809616097461,0.3989190383902539,0.2898386559982676,0.31124230561147853,0.6887576943885213,1e-09,0.3112423056114787,0.6887576943885213,0.19464500071487978,0.11659730489659892,0.8834026951034012,1e-09,0.11659730489659881,0.8834026951034012,0.08332111343274017,0.03327619146385864
61,2025,2025-09-28 18:45:00+00:00,94,116,1.1305870957216955,1.233306631898156,0.3356101384547129,0.27864880058621877,0.38574106095906824,0.3905861897665176,0.25732737208147044,0.3520864381520119,0.6142589390409317,0.7213511994137811,0.664389861545287,0.47988193688713016,0.46,0.4955769840055574,0.5044230159944424,0.6836146863079728,0.7878787878787878,1.0,0.4727272727272727,0.9059466976931818,0.09405330230681819,0.31638531369202716,0.42083006272635626,0.5791699372736437,0.21376508825952364,0.7862349117404763,0.09139518967131102,0.908604810328689,0.6771563282481817,0.3228436717518183,0.7086723063321302,0.2913276936678698,0.3121534390295194,0.6878465609704806,0.3493759296753696,0.6506240703246304,0.10581966080327682,0.8941803391967231,0.12781462760112994,0.8721853723988701,0.04236401635311964,0.09339904271982592,0.8642369409270545,0.13576305907294556,1e-09,0.8642369409270545,0.13576305907294556,0.19984707938176738,0.6643898615452871,0.3356101384547129,1e-09,0.6643898615452871,0.3356101384547129,0.27864880058621877,0.38574106095906835,0.6142589390409317,1e-09,0.38574106095906835,0.6142589390409317,0.21800419383847652,0.16773686712059183,0.832263132879408,1e-09,0.167736867120592,0.832263132879408,0.11114156562585407,0.05659530149473792
39,2025,2025-09-29 19:00:00+00:00,45,48,1.3184181356372846,1.1038456754025732,0.4151604795481043,0.2731447132856742,0.31169480716622167,0.48199744531374744,0.2790994730959604,0.2389030815902922,0.6883051928337784,0.726855286714326,0.5848395204518959,0.48956887263801496,0.46,0.49606432411533996,0.50393567588466,0.696374839009027,0.7878787878787878,1.0,0.4909090909090909,0.9112794402315413,0.08872055976845872,0.30362516099097303,0.43609701982509946,0.5639029801749005,0.2259431724162481,0.7740568275837519,0.09868115758369964,0.9013188424163003,0.7324417497147884,0.26755825028521163,0.6684065631547677,0.33159343684523235,0.37968810019885063,0.6203118998011494,0.3023785819006188,0.6976214180993812,0.14714969573147232,0.8528503042685277,0.10035937980838947,0.8996406201916105,0.06771287779443669,0.12202089154181778,0.8102662306637456,0.18973376933625444,1e-09,0.8102662306637456,0.18973376933625444,0.22542671021184985,0.5848395204518957,0.4151604795481043,1e-09,0.5848395204518957,0.4151604795481043,0.2731447132856742,0.3116948071662215,0.6883051928337784,1e-09,0.31169480716622155,0.6883051928337784,0.18873852874250402,0.12295627842371754,0.8770437215762823,1e-09,0.1229562784237177,0.8770437215762823,0.08553514149160547,0.03742113693211223
